headline,cluster
"Syntel, Inc. Reports Q1 EPS of $1.11 vs $1.03 Est; Revenue of $189.10M vs $187.99M Est",1
Mid-Day Market Update: K2M Group Rises On Acquisition News; Tech Data Shares Plunge,3
Aramchol's Failed Past Isn't Its Future; Galmed Gets An Upgrade,3
60 Stocks Moving In Thursday's Mid-Day Session,4
Anheuser-Busch shares are trading lower after the company said it is not proceeding with its public offering of its minority stake in APAC subsidiary.,3
The Market In 5 Minutes: Don't Stop Me Now,3
"Hawaiian Electric Industries, Inc. Reports Q3 EPS of $0.48 vs $0.51 Est; Revenue of $831.20M vs $907.62M Est",1
Valuation Flies Higher On Macquarie Infrastructure Co.,5
DISH Network Reports Q2 EPS $0.75 vs $0.79 Est; Revenues $3.59B vs $3.41B Est,1
21st Century Fox Rejected Higher Offer From Comcast Before Accepting Disney Bid,8
"Pete Najarian Sees Unusual Options Activity In ASHR, QQQ And Nike",3
First Solar Spikes to High of Day,8
Dumbest of This Week's 5 Dumbest: Sears Signs on the Kardashians,0
Option Alert: Verifone Feb 19.0 Calls Sweep: 1106 @ ASK $0.697: 1111 traded vs 675 OI: Earnings 3/9 After Close (est) $18.71 Ref,8
Mid-Afternoon Market Update: Crude Oil Up Over 1%; Lexicon Pharmaceuticals Shares Plunge,3
Wunderlich's MLP Weekly Update: Pain Then Pleasure,3
"Earnings Scheduled For November 11, 2016",3
"Credit Suisse Maintains Outperform on Sina Corporation, Lowers PT to $76.00",5
"Bank of America Positive on MOH, CNC, AGP, UNH, CI",2
Global Sources Ltd. Reports Q2 IFRS EPS of $0.46 vs $0.43 Est; Revenue of $61.40M vs $58.98M Est,1
Whiting Petroleum Stockholders Approve Acquisition of Kodiak Oil & Gas,2
"SunTrust Robinson Humphrey Initiates Coverage on Jazz Pharmaceuticals plc at Neutral, Announces $158.00 PT",5
How to Profit From Japanese Protests Against Nuclear Power,3
"Earnings Scheduled For March 28, 2017",3
"Stocks Which Set New 52-Week Low Yesterday, Tues., Dec. 18, 2018",0
Shares of several basic materials companies are trading higher after Joe Biden took the delegate lead on Super Tuesday. Biden's more 'moderate' economic policies have been seen as more favorable for growth.,3
New 52-Week Low Achievers For Wednesday Morning,9
Benzinga's Volume Movers,5
Mackie Research Upgraded Newmont Mining to Buy,5
MGI Sues Illumina For Patent Infringement In United States,2
"UPDATE: JP Morgan Upgrades TreeHouse Food To Overweight, Announces $45 Target As Firm Increasingly Believes 'COVID-19 will benefit the company, at least in the near-term'",5
Western Areas Option to Acquire BioHeap Leaching Technology,2
Wunderlich Securities Considers Potential Acquisition Of DirecTV By AT&T,8
14 Lowest PEG Ratios In The S&P 500,0
"Raymond James Angelica Jarvenpaa Says Tax Credit Was One of Most Significant Wildcards Facing Solar Industry Up To This Point, Says This Will Undoubtedly Spur Demand and Grow Supply",8
"Benzinga Pro Afternoon Price Check For Sector ETFs: Retail ETF (XRT) Up 0.4%, Staples (VDC) Up 0.2%, Industrials (VIS) Up 0.6%, Financials (XLF) Up 0.9%, Tech (XLK) Up 0.2%, Energy (XLE) Up 1.8%, Utilities (VPU) Up 0.4%",5
Top 4 Mid-Cap Stocks In The Gold Industry With The Highest ROE,0
"Stifel Nicolaus Maintains Buy on Proofpoint, Inc., Raises PT to $50.00",5
"As Price Falls, Vetr Upgrades GlaxoSmithKline To Buy",5
"Mid-Day Market Update: Zynga Rides Positive Social Media Sentiment, Jos. A Bank Falls on Bad Guidance",3
"Tesla Wants to Produce 500K Electric Cars per Year at Planned Gigafactory in Brandenburg, Germany",8
"Stocks That Made New 52-Week Lows Today Include: Goodyear Tire, Kellogg, Philip Morris, Altria, QUALCOMM, Hershey, and American Airlines",0
"Seneca Foods Q4 EPS $(0.91) Up From $(1.46) YoY, Sales $262.59M Down From $299.679M YoY",1
Muddy Waters Denies Reports they are Targeting Chinese A-Share Market,3
"Amazon, Under Armour, Pandora: Fast Money Picks For December 8",3
Sterling Partners & Permira Funds To Acquire eBay Enterprise For $925M,5
"Stifel Nicolaus Maintains Power Integrations at Buy, Raises PT from $44 to $45",5
"ExxonMobil, Renewable Energy Offer Progress On Cellulosic Biodiesel Research: 'Companies agree to extend research program based on positive findings'",2
"Biogen, Eisai To Discontinue Phase 3 ENGAGE, EMERGE Trials Of Aducanumab In Alzheimer's",2
PEP and DMND Play Organic Food Game,3
"Credit Suisse Maintains Outperform on Medivation, Inc., Raises PT to $95.00",5
"Morgan Stanley Maintains Overweight on Assurant, Raises Price Target to $149",5
Novogratz Long Equities and Currency in India; Multi-Year Trade,3
"The Daily Biotech Pulse: AbbVie Halts Lung Cancer Trial, Oncomed Merges With Mereo, Momenta Offering",2
"Deutsche Bank Maintains Groupon at Hold, Lowers PT from $6 to $4",5
"B. Riley Upgrades Tronox Limited to Buy, Raises PT to $29.00",5
"ImmunoCellular Therapeutics, Ltd. Reports Q2 EPS of $(0.04) vs $(0.06) Est",1
Snap Is The Hottest Stock Among Short Sellers,0
"Earnings Scheduled For July 16, 2019",3
Scholastic Corp Reports Q1 EPS $(0.81) vs $(1.04) Est; Revenues $318.0M vs $302.2M Est,1
"Oppenheimer Initiates Coverage On MLP's (BWP, EEP, EPB, EPD, ETP, MMP, OKS, PAA, RGNC, SEP)",2
Stocks That Hit 52-Week Lows On Thursday,9
"Developers Diversified Realty Secures Advertising and Sponsorship Agreements with AT&T and Coca-Cola in Puerto Rico (DDR, T, COKE, MA)",8
25 Stocks Moving In Monday's Pre-Market Session,4
"Alexion To Acquire Syntimmune; Alexion Will Acquire Syntimmune For An Upfront Payment Of $400M With The Potential For Milestone-Dependent Payments Of Up To $800, For Total Value Of $1.2B",8
CF Industries Shares Bid Higher Premarket on Confirmation of Merger Talks with Yara,8
56 Stocks Moving In Friday's Mid-Day Session,4
"Acme United Reports Q2 EPS $0.91 vs $0.74 in Same Qtr. Last Year, Sales $41M; Raises FY16 Outlook",1
"Morgan Stanley Maintains Diamond Offshore Drilling at Overweight, Raises PT from $81 to $85",5
KeyBanc Upgrades Tempur-pedic International Inc to Buy,5
"Today In Blockchain: Robinhood, Future Fintech, Applied DNA Sciences, Bank of America",2
Infinera CEO Says '...demand is softening in certain areas of our business and we face a difficult near-term revenue outlook',3
QEP Resources Reports Q3 EPS $0.47 vs $0.39 Est; Revenues $852.4M vs $658.86M Est,1
Hancock Holdings Reports Inline Q1 EPS $0.05,1
Sterne Agee: Denbury Resources Share Price Could Decline To $8,3
"Earnings Scheduled For December 4, 2012",3
"Argus Downgrades Kinder Morgan To Hold, Sees Investors Concerned About Dividend",5
SSgA Changes Indexes For 5 Popular ETFs,0
"Tandem Diabetes Care Reports CFO John Cajigas To Retire; Senior VP Of Finance, Leigh Vosseller, Promoted To CFO",0
iGATE Reports Q4 EPS of $0.34,1
"Stocks Which Set New 52-Week High Friday, September 7th",0
Wide Moat ETF off to Decent Start,3
Stellus Capital Investment Corp. Reports Q1 Net Investment Income $0.33/Share,1
Net Neutrality Could Mean Lost Calls For Telecom ETFs,0
FSIC Reports Q4 Adj. Net Investment Income $0.23 vs. $0.25 Est.,1
"Short Interest in Home Builder Stocks Rises (MTH, SPF, TPH)",0
12 Biggest Mid-Day Losers For Wednesday,3
"NxStage Medica Q1 EPS $(0.02) vs $(0.02) Est, Sales $96.83M vs $95.29M Est",1
"Debate Over How Much Sovereignty Greece Has To Cede To EU -DJ, Sources",3
Pernix Therapeutics Spikes to High of $4.80 on Volume,2
"Fiat Chrysler CEO Says Has No Intention To Sell Maserati Brand, Sees It As Core Part Of Business",8
Option Alert: Talisman Shares Move to High; Nov $6 Call Active,8
Bristol-Myers Squibb Hits Lowest Level In 2 Years After Mixed Q4 Report,1
Dow Dips Over 200 Points; Vistaprint Shares Surge On Strong Results,3
HMS Holdings Wins Temporary Injunction vs Public Consulting Group In Trade Secrets Case,2
77 Biggest Movers From Yesterday,7
"Stifel Nicolaus Downgrades Broadcom Corporation to Hold, Removes $34.00 PT",5
40 Stocks Moving In Friday's Pre-Market Session,4
"China Natural Resources Shares Halted on Breaker, Halted Down 3.5%",3
Morgan Stanley Earlier Downgraded Lamar Advertising Company to Equal-weight,5
"Domino's Shares Remain Up 3.9% As Traders Earlier Circulated Tweet From 680 News Reporter Highlighting 2-Day Old Report Of Interest From 'Berger King'; 680 News Reporter Has Since Deleted Original Tweet, Republished But Without Indication From 'Sources'",3
Weight Watchers Falling a Bit after Vivus Weight-Loss Drug Receives Positive Vote,2
Steel Partners Holdings LP Reports Q3 EPS of $(0.52); Revenue of $210.70M,1
"10 Notable Stocks Trading Ex-Dividend Thursday, December 8",4
"Benzinga Pro Mornings Price Check For Major Averages: S&P 500 Down 7 (0.3%), Dow 30 Down 67 (0.3%), Nasdaq Down 21 (0.3%), Russell 2000 Down 15 (1.0%)",5
Karyopharm Announces FDA Extension Of Review Period For Selinexor New Drug Application,2
Travelzoo Spikes Lower,2
Earnings Scheduled For January 23,3
"Spruce Point Capital Tweets: 'As if Shark wasn't enough for $IRBT, electrolux is also out with a new game changing robotic vacuum. http://www.electroluxgroup.com/en/electrolux-launches-game-changing-robotic-vacuum-cleaner-23907/ â€¦ #negative'",5
"How Close Is A Sanofi, Genzyme Deal? (GENZ, SNY)",2
58 Stocks Moving In Wednesday's Mid-Day Session,4
"Eastman Kodak Reports Adopted Tax Asset Protection Plan, Filed Amendment To Certificate Of Incorporation In Order To Protect Co.'s Substantial Tax Assets",8
"Ocular Therapeutix Reports Early Assignment Of Permanent, Specific J-Code (J1096) For DEXTENZA 0.4mg",2
Athersys Announces Positive Interim Results From Ongoing Phase I Study of MultiStem(R),2
Ultra Clean Holdings Announces $99M Merger Agreement with American Integration Technologies,8
Watch These 5 Huge Call Purchases In Tuesday Trade,3
38 Stocks Moving In Wednesday's Mid-Day Session,4
American Electric Technologies subsidiary M&I Electric announces power system award for New England LNG project,8
"S&P Announces Citizens Financial to Join S&P 500; ZELTIQ, RE/MAX to Join S&P SmallCap 600",3
"Rite Aid Reports Q2 Adj. EPS $(0.01), Inline, Sales $7.7B vs $7.83B Est.",1
"A Look At Benzinga Pro's Most-Searched Tickers For June 18, 2019",5
More Bad News For PC Market,3
ServiceNow Q3 Earnings Preview,1
This Bud's For You: InBev's $103 Billion Takeover Of Rival SABMiller Is Official,8
Mid-Day Market Update: True Religion Rallies Despite Market Downturn,3
"CEOWORLD Top 10 Oil & Gas Stocks 2011- CVX, XOM, EC, BP, DVN, OXY, CHK, EQT, CVE, WNR, ECA, SLB, COG, HAL, TOT",0
"Earnings Scheduled For December 5, 2017",3
"Insider Buys Of The Week: GTT Communications, Dish Network, Heico",0
Adobe Is Killing Flash,3
Morning Market Movers,3
Universal Technical Institute Reports Q1 EPs of $0.42 vs. $0.40,1
28 Stocks Moving In Tuesday's Pre-Market Session,4
"Wells Fargo Maintains Overweight on Leidos Holdings, Lowers Price Target to $105",5
Credit Suisse Downgrades Taiwan Semiconductor to Neutral,5
Mid-Morning Market Update: Markets Mixed; FedEx Earnings Miss Estimates,3
UPDATE: Morgan Stanley Lowers Price Target on TRW Automotive Holdings to $65,5
25 Stocks Moving In Thursday's Pre-Market Session,4
Solar Senior Capital Increases Dividend to $0.1175,8
UPDATE: Deutsche Bank Cuts PT to $64 on Baxter International,5
"Midday Losers From October 31: Aegerion Pharmaceuticals, Bottomline Technologies, Digital Globe",2
"Stocks Which Set New 52-Week High Yesterday, August 2nd",0
Stocks That Hit 52-Week Lows On Monday,9
Tag Heuer Latest Sponsor To Drop Tiger Woods,0
"Buffett On Johnson & Johnson: Still An Attractive Business At This Price, But Would Sell If He Needed Capital -CNBC",3
"Brady Corp. Reports Q4 EPS $0.48 vs $0.46 Est., Sales $289.2M vs $280.5M Est.",1
"7 Stocks To Watch For June 13, 2018",4
Oracle Japan Profits 'Unexpectedly' Down In Fourth Quarter,1
"Wells Fargo Maintains Equal-Weight on Choice Hotels Intl, Lowers Price Target to $92",5
Liberty Global Offers Response To Sunrise Termination Of Share Purchase Deal,8
10 Small-To-Mid-Cap Biotech Ideas For When The Coronavirus Fades,2
"Barron's Picks And Pans: Apple, Exxon, Morgan Stanley And More",5
"Omnicell, Inc. Reports Q3 EPS of $0.31 vs $0.28 Est; Revenue of $94.0M vs $94.96M Est",1
"CenturyLink Q4 Adj. EPS $0.33, Inline, Sales $5.57B Beat $5.55B Estimate",1
S&P: Some ETF Investors Should Look at First-Half Laggards,0
PROS Announces 4M Share Common Stock Follow-On Offering,0
Shares of several oil & gas companies are trading higher after the new Saudi energy minister said there would be no radical change in the country's oil policy and the deal to cut oil production by 1.2 million barrels per day will stay.,3
"Earnings Scheduled For November 1, 2017",3
"Morgan Stanley Maintains Calpine at Overweight, Raises PT from $22 to $27",5
Goldman Lowers Its View On Retail REITS,5
"News Corp May Cut More than 100 Jobs, According to Source -DJ",3
"Ever-Glory Shares Up 10% On Very Light Volume (~300 Shares) Following Form 4 Filing From Co. CEO, Pres Yihua Kang Showing Purchase Of 174.8K Shares On Oct. 9 For $524.4K",3
Stifel Upgrades Yamana Gold to Buy,5
"Citigroup Maintains Coopers at Neutral, Raises PT from $92 to $98",5
Afternoon Losers; American Superconductor Down Nearly 10%,3
Forward Air Announces Purchase of Multi-Modal for $5.75M,8
USA Technologies 8-K Shows Co. Received Notice From Nasdaq Listing Qualifications Dept. Related To Non Compliance With Listing Rule To Hold Annual Shareholders Meeting Within 12 Months Following End Of Fiscal Period,0
"Stocks That Will Be Trading Ex Dividend Mon., Oct. 29, 2018",0
18 Stocks Moving In Friday's Pre-Market Session,4
"Insiders Trading HAIN, APKT, ANDS, DISH",3
Ukraine Tension Prominent As Dow Suffers Triple Digit Loss; S&P 500 & NASDAQ Also Lower,3
Sears Spinoff Seritage Growth Up Huge After Warren Buffett Takes 8% Stake,0
"Aggressive Growth Stock Picks-Nov.19, 2010 - Zacks Rank Buys",0
"Earnings Scheduled For May 5, 2016",3
Eli Lilly Issues Statement Related to Intention to Cancel Listing of London Stock Exchange Shares,2
America Wants More Organic Products Than Anyone Else: Here's How To Play It,3
SocGen Initiates Big Drug/Pharma Names,2
Teradata Announces Will Showcase Benefits of Data-Driven Gov't at DATA Summit,8
7 Stocks You Should Be Watching Today,4
Stocks That Hit 52-Week Lows On Friday,9
5 Biggest Price Target Changes For Tuesday,5
Stocks That Hit 52-Week Lows On Thursday,9
Top 4 Stocks In The Residential Construction Industry With The Lowest PEG Ratio,0
Stifel Nicolaus Upgrades Teekay LNG Partners to Buy,5
February Consumer Price Index 0.5% vs. 0.4%,3
"Earnings Scheduled For March 18, 2013",3
Atlas Holdings LLC to Purchase AGI Media & Entertainment Packaging (MWV),8
RBC Capital Downgrades Credit Suisse Group to Sector Perform,5
The Line On Hardlines With Brian Sozzi (TBL),0
4 Key Takeaways From ASCO,2
"Bed Bath & Beyond Says Q3 Was Significantly Impacted By Calendar Shift Of Thanksgiving Holiday, Resulting In One Less Week Of Holiday Sales; Also Says Believes It Is Appropriate To Withdraw Its Fiscal 2019 Full Year Financial Guidance.",1
"Digi Int'l Sees FY18 EPS $(0.01)-$0.01 vs $(0.05) Estimate, Adj. EBITDA $21M-$22M, Sales $223M-$227M vs $218.7M Est.",1
Inside Mortgage Finance Reports Ocwen May be for Sale,3
PowerShares Becomes Latest Competitor In Plain Vanilla Fee War,3
Notable Call Options Activity in Canadian Solar,8
Int'l. Speedway Raises Qtr. Dividend From $0.47 To $0.49/Share,8
"UPDATE: Plug Power Shares Rise 45%, Above the $4 Level, Following Announcement of Deal with Fedex",8
"Nustar GP Holdings, LLC Reports Q3 EPS of $0.41 vs $0.40 Est",1
Regency Centers Purchases Oak Shade Town Center for $35 Million,3
FDA To Review Alzheimer's Brain Scan (LLY),2
Owens-Illinois Acquires Almost 50% of Empresas Comegua for $119M,5
Top 4 NASDAQ Stocks In The Marketing Services Industry With The Highest Revenue,0
"Stocks Which Set New 52-Week High Yesterday, September 17th",0
"Shares of several healthcare companies are trading higher on continued optimism amid the reopening of the economy, which would increase consumer spending and economic activity.",3
"Benzinga's Top Upgrades, Downgrades For February 26, 2018",5
CymaBay Therapeutics Granted EMA Orphan Drug Designation for Seladelpar for Treatment of Primary Biliary Cholangitis,2
Watch These 5 Huge Put Purchases In Thursday Trade,3
"Envision Healthcare Reports Q4 Adj. EPS $1.15 vs. YoY $1.07, Sales $1.39B vs. YoY $704.3M",1
Garmin Receives Positive Mad Money/Jim Cramer Mention -CNBC,3
Amazon's Web Services Conference Takeaways From Deutsche Bank,8
"Keep an Eye on These 7 Stocks for February 1, 2016",4
Raymond James Downgrades Harsco Corporation to Outperform,5
"Benzinga's M&A Chatter for Tuesday January 10, 2012",5
Stocks Hitting 52-Week Highs,6
TiVo Reports Expansion Of IP Licensing Deal With TCL In North America,8
CareDx Reports Proposed Public Offering of Common Stock,0
IPO Outlook: Shake Shack IPO Set To Wrap Up Busy Week,3
Earnings Preview: Prudential's Revenue Expected to Fall from Previous Quarter,3
"Morning Losers for Mar. 6, 2014: LOV, XGTI, SPLS, PLCE, MXWL, P, PLUG, COST",3
"Feuerstein: Most Americans Aren't Aware On Daily Basis Of Drug Pricing Issue, Although Inconsequential, New Mainstream Attention Could Create Groundswell",2
Commodities Broadly Higher Into the Close,3
'Mad Money Lightning Round': Stick With Mosaic,3
Oiltanking Holding Americas Announces United Bulk Terminal Acquisition,2
Mid-Afternoon Market Update: Perrigo Slips On Earnings Miss; Sunedison Semiconductor Shares Surge,3
PG&E Files Formal Papers on Chapter 11 Restructuring Strategy; Plan Offers Nearly $18B to Wildfire Victims and Public Entities,2
Option Alert: eBay Apr 36.0 Calls: 900 @ Above Ask! $0.45: 928 traded vs 488 OI: Earnings 4/25 After Close (est) $33.74 Ref,8
Valuations now look extremely attractive,3
Morning Market Losers,3
AudioCodes Announces Restructuring of Operations,2
"Craig-Hallum Downgrades S&W Seed to Hold, Lowers Price Target to $4.00",5
"Engility Holdings Reports Q3 EPS $0.26 vs $(0.46) In Same Qtr. Last Year, Sales $487M vs $511.8 YoY",1
Noranda Aluminum Holding Corp. Trading Higher Today,3
Mid-Day Market Update: Tile Shop Drops On Earnings Miss; Educational Development Shares Climb,3
Asmussen Says German Q3 will be Weaker than Q2,1
"DSt Systems Q1 EPS $1.45 vs $1.26 Est, Sales $379.8M vs $381.0M Est",1
"VIVUS Board Names Michael Astrue as Chairman, Tony Zook as CEO",0
Cramer: Anbang Will Get Starwood,3
"Westamerica Bancorporation Reports Q3 EPS of $0.58, Inline",1
UPDATE: Wells Fargo Initiates Coverage on Achillion Pharmaceuticals,5
Stocks Hitting 52-Week Highs,6
Stocks That Hit 52-Week Lows On Thursday,9
The Life Of A Taco Analyst,3
"WP Carey Q3 FFO $1.34 vs $1.20 Est, Revenue $180M vs $176M Est",1
Mid-Morning Market Update: Markets Open Higher; Toll Brothers Profit Tops Views,3
Morgan Stanley Sees Full Valuation For Abercrombie & Fitch,5
Magal Earlier Announced Receipt Of $2.4M In Perimeter Security Contracts For International Airports,8
"Sector Update: Consumer Goods Leading, Utilities Lagging",3
Arena Says Eisai Will Double BELVIQ Sales Force to 400 Reps,5
"Option Alert: Skechers August 29 Call; 15,072 Contracts Traded vs 805 Open Interest; Currently $26.97",8
"J&J Announces Definitive Deal to Buy Aragon Pharma, to Make $650M Upfront Payment",5
Western Refining to Acquire ConocoPhillips 25K BPD Wingate Plant; Terms Not Disclosed,2
S&P Downgrades Tupperware From BBB- To BB+; Outlook Negative,5
18 Stocks Moving In Friday's Pre-Market Session,4
"ADP Sees FY20 Sales Growth ~3%, Adj. EPS Growth 4-7%",1
"The Market In 5 Minutes: Nvidia, Roku, Star Wars, And More",3
30 Stocks Moving In Tuesday's Mid-Day Session,4
"FBR Upgrades American Eagle: Upside, Execution, Value 'Hard To Ignore'",2
"ENGlobal Reports Winning Of 2 Modifications For Existing Contracts With US Dept. Of Defense, Totaled ~$15M",8
Martin Midstream Increases Qtrly Dividend to $0.7875,1
Integra Adds iPASSAGE Retractor - Analyst Blog,3
Stocks Hitting 52-Week Highs,6
"General Growth Properties, Inc. and Kimco Realty Form Joint Venture Partnership to Redevelop Owings Mills Mall in Maryland",0
Vishay COO Dieter Wunderlich To Retire Effective Dec. 31,0
10 Biggest Price Target Changes For Monday,5
UPDATE: Kimberly-Clark Reports 6.3% Drop In Q3 Profit,1
"Stocks Which Set New 52-Week High Yesterday, August 23rd",0
Devon Energy Corp. (DVN) remains strong above $68.7 level,5
Morgan Stanley Upgrades Accenture to Overweight,5
Primoris Services Wins $28M New Master Service Deal With Major Utility Customer,8
RBC Capital Upgrades Teck Resources Ltd Ordinary Shares to Outperform,5
146 Biotechnology Stocks Moving In Thursday's Session,4
Amazon Sees Q2 Sales $75B-$81B,8
"Chico's FAS, Inc. Files Definitive Proxy Materials and Mails Letter to Shareholders",0
Newfield Exploration Announces Proposed $500 Million Public Offering of Senior Notes,5
"Chunghwa Telecom Sees FY19 EPS NT$4.40-NT$4.60, Sales NT$220.56M-NT$222.91M",1
"The Daily Biotech Pulse: Novartis Psoriasis Drug Found Superior, Ascendis Offering, Adamas Earnings",2
"Barclays Initiates Coverage On O-I Glass with Underweight Rating, Announces $12 Price Target",5
"Qihoo 360 Reports Q1 Adj. Earnings $0.57/ADS vs $0.49/ADS Est., Sales $384.4M vs $378M Est.",1
"Earnings Scheduled For July 24, 2017",3
UPDATE: Wells Fargo Downgrades Micron Technology on Valuation,5
"UPDATE: Yum! Foods Sees China Comp Sales Going Positive in 4Q, Plans to Increase Exposure to Emerging Markets with New Stores Opening",3
Globalstar Statement Regarding Commission Circulation of an Order in IB Docket No. 13-213,8
Americold Realty Trust Aquires Cloverleaf Cold Storage,0
"Deutsche Bank Maintains Hold on Darden Restaurants, Inc., Raises PT to $54.00",5
"FICO Reports Q1 Adj. EPS $1.03 vs $0.99 in Same Qtr. Last Year, Sales $219.6M vs $212.6M Est.",1
"Canaccord Maintains Equinix at Buy, Raises PT from $150 to $170",5
Markets Drop; Darden Adjusted Profit Beats Street View,3
"UPDATE: Needham Maintains Buy On Micron, Raises Target To $70 Based On Firm's 'expectations for a mid-cycle recovery in CY20'",5
Sovran Self Storage Reports Q1 FFO $0.62 vs $0.61 Estimate (SSS),1
Shares Of Syngenta Falling,3
Cruise Industry Embarks On 'The Golden Age Of Cruising',3
"UPDATE: France and Brazil Exchanged Experience in Fiscal Policies, Says Baroin",3
38 Biggest Movers From Friday,7
Mid-Day Market Update: Dow Falls Over 100 Points; Cara Therapeutics Shares Spike Higher,3
Aircastle Raises Qtr. Dividend from $0.165 to $0.18/Share,8
Geeknet Resumes Trading,3
"ConocoPhillips (CC): Output from Eagle Ford, Bakken, Permian Regions 'as Expected,' Says Still Considering Options for Oil Sands Assets",2
Mid-Day Market Update: Cree Drops Following Weak Guidance; Myomo Shares Surge,3
A Peek Into The Markets: US Stock Futures Signal Higher Wall Street Open,3
"Benzinga's Top Upgrades, Downgrades For December 6, 2017",5
"UPDATE: TD Ameritrade's IMX Sentiment for Feb. Gains, Now at 5.74",5
Advent's Notes From DB Tech Conference,0
"Lions Gate Trading Down About 7% After Hours, Currently Trading Near $11.90",3
Aspen Insurance Names Scott Kirk CFO,0
AEO Opened With Hold,3
A Peek Into The Market Before The Trading Starts,3
Freeport-McMoRan to Gauge Global Economy,3
Mid-Afternoon Market Update: Chipotle Slides On Earnings Miss; NeoGenomics Shares Jump,3
"Grainger Q1 Adj. EPS $4.18 Beats $3.42 Est., Sales $2.8B Beats $2.71B Est.; Raises Guidance",1
FS Bancorp Q3 EPS $1.58 Up From $1.07 YoY,1
"Earnings Scheduled For January 27, 2017",3
"Jim Cramer Gives His Opinion On Akamai Technologies, Chevron And Others",3
"Morgan Stanley Maintains Equal-Weight on FedEx, Lowers Price Target to $156",5
"BMO Capital Maintains Market Perform on Bright Horizons Family, Raises Price Target to $118",5
UPDATE: JP Morgan On Ulta Notes '(2) management expressed a firm commitment to control expenses during the slowdown with specific evidence' 'which was a top concern from existing and potentially new long-only investors heading into the print',8
Agriculture ETF Now Positive (DBA),0
UK's Treasury sec Alexander confident BOE has powers to address housing via ForexLive,0
"Stocks Trading Ex Dividend For Mon., Oct, 15, 2018",0
"DA Davidson Raises Target on Nanometrics from $17 to $18, Pacific Crest Raises from $20 to $23",5
"Stocks to Watch for May 2, 2013",4
"Notable Insider Buys In The Past Week: AutoZone, Exxon, Dell And More",0
25 Stocks Moving In Friday's Pre-Market Session,4
UPDATE: Regis Posts Upbeat FQ4 Profit,3
"BMO Capital Markets Maintains Halcon Resources at Outperform, Lowers PT from $10 to $9",5
Wells Fargo Downgrades CenterPoint Energy to Market Perform,5
"Company News for January 07, 2011 - Corporate Summary",3
The Latest Food Companies To Announce Ambitious Green Goals,3
Stocks That Hit 52-Week Lows On Friday,9
"Shares of several basic materials companies are trading higher, potentially rebounding from recent weakness. While coronavirus fears persist in China and globally, the number of new cases reported has slowed today.",3
Watch These 5 Huge Call Purchases In Monday Trade,3
"Raymond James Maintains Outperform on Brown & Brown, Raises Price Target to $48",5
"Integrated Electrical Services Reports Q1 Revs YEN$8B, no estimates",1
"Notable Insider Buys Of The Past Week: AT&T, Halliburton And More",0
Bristol-Myers Squibb And Acceleron Pharma Announce FDA Advisory Committee Will Review Reblozyl For Use In Patients With Myelodysplastic Syndromes,2
Pinnacle Foods Sees FY17 Adj. EPS Outlook At Low End Of Previously-Announced $2.55-$2.60 vs $2.59 Est.,1
Prudential Bancorp Q2 EPS $0.330 Up From $0.270 YoY,1
"Cabela's, Home Depot and Other Retail Stocks Worth a Look Now",0
"Marsh & McLennan Q4 EPS $1.09 Beats $1.05 Estimate, Sales $3.712B Miss $3.75B Estimate",1
Ampio Pharmaceuticals Spokesperson Confirms Seeking Alpha's Richard Cavalli Was Flown Out to Company Headquarters,2
"Hill International Late Monday Announced It Does Not Expect To Become Current With SEC Reporting By August 15, Will Begin Trading On OTC On August 14",0
"Morgan Stanley Upgrades FMC Technologies, Inc. to Overweight, Announces $65.00 PT",5
Morning Market Gainers,3
Cardiome Pharma Shares Up Nearly 9% (CRME),2
Buffalo Wild Wings Fails To Fly,2
"Utility Names Up, Solar Names Down As Investors Await Net Metering Decision From California",8
Brent Below $109 as Global Demand Wanes,3
KeyBanc Initiates Coverage on GenCorp Inc. at Hold,2
"Dish's Chairman Says AMC Has Devalued Content, There's a Price Where AMC Makes Sense but We Aren't At That Price",5
Macquarie Downgrades Dupont Fabros Technology to Neutral,5
Is Japan Next?,3
46 Stocks Moving In Tuesday's Mid-Day Session,4
Simulations Plus Reports Establishment Of StratgiesPlus Coronavirus ACT Program 'to speed consulting assistance to any organization involved in coronavirus research',2
Brean Murray Carret & Co. Upgrades Urban Outfitters from Sell to Hold,2
Zafgen Announces 2.8M Share Proposed Public Offering of Common Stock,0
NVIDIA Corporation Reports Q2 EPS of $0.29 vs $0.20 Est; Revenue of $1.10B vs $1.08B Est,1
"Golar LNG Partners LP Reports Q2 Net Income $53.8M, Operating Income $87.4M, Distributable Cash Flow $72.1M",1
"Fallout From New U.S. Cybersecurity Agency Includes Multiple Hacks, Profits For 'Cyber Bulls'",3
How Groupon and other factors tripped up our model,3
These ETFs House The Next Biotech Takeover Targets,2
"Jefferies Upgrades MDC Partners Inc. To Buy, Raises Price Target To $12",5
A Peek Into The Market Before The Trading Starts,3
"IBM On Conf. Call, Expects Q1 Adj. EPS $2.35-$2.48 vs $2.28 Est.",1
LMI Aerospace Drops 11.7% On Earnings And Revenue Miss (LMIA),3
30 Stocks Moving In Monday's Pre-Market Session,4
"JP Morgan Downgrades AGCO to Neutral, Announces $82 Price Target",5
Najarian Brothers See Unusual Options Activity In Analog Devices And Procter & Gamble,3
How Close Are Biotechs To Bringing A COVID-19 Treatment To Market?,2
ConocoPhillips CEO Says Sees Current Weak Global LNG Prices as Short-term Phenomenon,3
"Walter Investment Management Q3 EPS $(0.17) vs $(0.01) Est, Revenue $297.3 vs $325.4M Est",1
"4 Stocks To Watch For December 30, 2019",4
HCI Group Announces Was Not Able to Reach Agreement to Acquire Prepared Insurance Company,8
ENGlobal Finalizes Credit Facility with PNC,8
"Top 4 Mid-Cap Stocks In The Communication Equipment Industry With The Highest Cash (SATS, HRS, CIEN, JDSU)",0
Kellogg Reaffirms FY17 Outlook,3
Duncan-Williams Reiterates Strong Buy on Ensco,5
Deutsche Bank CFO Says We Aim From Year 2022 To Be Able To Pay A Dividend,5
UPDATE: Cantor Fitzgerald Initiates Acadia Healthcare at Buy on Favorable Industry Trends,5
"The Big Picture for the Week of March 13, 2011",3
10 Stocks Moving In Monday's Pre-Market Session,4
Tarena Increases Buyback From $30M To $70M,5
"Credit Suisse Upgrades Esterline Technologies from Neutral to Outperform, Raises PT from $69 to $81",5
WPCS Issues Release Urging Holders to Vote for Sale of Seattle Operations,2
"Photoshop Finish: Adobe Reports Q1 Earnings, Revenue Beat",1
"Penn National Gaming Reports Q4 EPS $0.05 vs. Est. $(0.14), Rev. $742.9M vs. Est. $744M",1
5 Potential iPad Killers,2
Earnings Roundup,3
Skyline Reports Q1 EPS $(0.82) vs $(0.45) Prior Year; Revenue $50.3M vs $54.64M Prior Year,1
"TTM Tech Sees Q3 Adj. EPS $0.29-$0.35 vs $0.26 Est., Sales $620M-$660M vs $652.9M Est.",1
"Ultratech Reports Received Multiple System, Follow-On Order for Fan-Out Wafer-Level Packaging Apps, No Terms Disclosed",8
Pioneer Energy Sees $53M In Early Termination Rev. Through FY15 And Q1 2016,1
"Stocks Which Set New 52-Week Low Yesterday, October 22nd",0
Stocks That Hit 52-Week Lows On Thursday,9
"10 Notable Stocks Trading Ex-Dividend Wednesday, September 21",4
Stocks Hitting 52-Week Lows,9
MGIC Investment Reports Q2 EPS $-0.75 vs $-0.54 Est; Revenues $321.1M vs $298.61M Est,1
Stocks That Hit 52-Week Lows On Tuesday,9
"#PreMarket Primer: Thursday, February 20: Facebook Makes Big Purchase With WhatsApp",5
"JP Morgan Maintains Neutral on Lexington Realty, Raises Price Target to $11",5
68 Biggest Movers From Yesterday,7
Auxillium Spikes Lower,2
"Options Brief: MetLife, Inc. (MET)",2
CPI Aerostructures Announces Purchase Order from Goodrich for Aerospace Structural Assemblies,8
"Hedge Fund 13-F Updates: Berkshire, Greenlight, Paulson & Co., Appaloosa and More!",0
Stocks to Watch for Tuesday 8/02/2011: Fresh 52-Week Highs and Lows,4
DNB Downgrades Transocean Inc. to Hold,5
"Morgan Stanley: As Generic Competitors Falter, Mylan Is Worth A Shot",5
BOJ's Kuroda: No gap in views between the government and the central bank that a weak yen was positive for Japan via ForexLive,3
"Notable Option Activity For January 27: AMCC, CLF, AMD, TRIP, GRPN, VALE",3
UPDATE: J.P. Morgan Upgrades Commercial Vehicle Group as Management Changes Bring a Fresh View to Strategy,5
"UPDATE: Credit Suisse Reiterates Outperform Rating, Raises PT on Precision Castparts",5
Starbucks CFO Says Shipping 50M K-Cups in November,1
"The Market In 5 Minutes: Industry-Changing M&A In Media, Aerospace, And Financial Services",3
Benzinga's Top Downgrades,5
Morning Market Movers,3
"Hawaiian Air Reports Oct. RPMs 7.8%, ASMs 3.9%, Load Factor Up 3.2 Points",1
Moody's Cuts Ratings of 10 Banks - Analyst Blog,3
Stocks That Hit 52-Week Highs On Friday,6
You Don't Have To Be Einstein To Like EMC .....(EMC)...(NTAP),2
"Alternative Ideas For Intel's Quarter (INTC, AMD, ARMH, MIPS, CEVA)",2
Benzinga's Top Downgrades,5
"Benzinga Pro Mid-Day Price Check For Regional ETFs: Europe (VGK) Up 0.8%, Japan (EWJ) Up 0.5%, Australia (EWA) Up 0.5%, US (SPY) Up 0.2%, Canada (EWC) Flat, Russia (RSX) Down 0.1%, Mexico (EWW) Down 0.4%, China ETF (FXI) Down 0.8%",5
Base Metals Fall; Copper Slumps 1.1%,3
China Recycling Energy Shares Up 18% For Session,3
"Stocks To Watch For May 14 (JCP, BBI, CA, NVDA, JWN)",4
"CIBC Downgrades Cott Corporation to Sector Perform, Lowers PT to $9.00",5
Luxfer Names Heather Harding CFO,0
International Game Technology shares are trading lower. Not seeing any news to justify the price action.,3
22 Stocks Moving In Tuesday's Pre-Market Session,4
"Benzinga's Biggest Movers For The Week Of May 14, 2018",5
"Two Boring ETFs for All Investors (XLB, XLI)",0
Stifel Nicolaus Maintains Invesco Mortgage Capital (IVR) Hold Rating,5
"Thursday's Put/Call Ratio Leaders (FHN, FLIR, INFN, WLL, STI)",0
Chinese Internet Stocks Move Following Alibaba Group Holding Ltd Open,3
A Peek Into The Markets: U.S. Stock Futures Edge Lower On Election Day,3
"UBS Downgrades Caterpillar to Sell, Lowers Price Target to $125",5
Diplomat Pharmacy Spikes Higher Following Walgreens/Rite-Aid Halt,2
Mid-Morning Market Update: Markets Open Higher; Clorox Earnings Top Street View,3
10 Stocks That Rallied Three Days On No News,4
"Shell Boosted by Volumes, Cost Cuts - Analyst Blog",3
Adaptive Biotechnologies Files For 8M Share Common Stock Offering By Selling Shareholders,0
Wunderlich Securities Initiates Coverage On EOG Resources With A Buy,2
25 Stocks Moving In Wednesday's Pre-Market Session,4
UPDATE: Stifel Nicolaus Downgrades Wells Fargo & Company to Hold on Net Interest Margin Compression,5
A Peek Into The Market Before The Trading Starts,3
November Comps for Specialty Retail and Department Stores to Decline by 4.5%,3
"Kingold Jewelry Q2 EPS $0.20 Up From $0.12 YoY, Sales $678.8M Up From $475.891M YoY",1
UPDATE: Globus Medical Sees Q4 Sales ~$142.6M vs $139M Est.,1
UPDATE: Credit Suisse Upgrades China Telecom to Outperform,5
30 Stocks Moving in Friday's Pre-Market Session,4
Alibaba's Looking For Black Swan Opportunities,3
Navios Maritime Acquisition Corporation Announces Acquisition and Delivery of a VLCC,8
NASDAQ Slides 1.2%; Manitowoc Shares Dip Following Cautious Outlook,3
"The CSX-Hunter Harrison Story, Pondering The Upside Potential",5
Calls Purchased on Northern Dynasty Minerals (NAK),3
Affymetrix Acquires Assets of Eureka Genomics Corporation for $15M in Cash,5
The Market In 5 Minutes: Netflix And IBM Get Big Tech Earnings Off On A Rough Start,3
Dover Corporation Sees FY2013 EPS $5.56-5.71 vs $5.22 Est,1
33 Healthcare Stocks Moving In Today's Pre-Market Session,4
Luxfer Raises Quarterly Dividend From $0.10 To $0.125,8
13-F Alert: Baupost Group Adds AIG Shares and Microsoft Call Options,8
13G Filing from Federated Investors on Textura Shows Very Slightly Increased Stake from 9.29% as of Dec. 31st to 9.39%,8
J.P. Morgan Slashes Price Target for RPM International Inc. (RPM),5
Yandex Spiking Higher on Heavy Volume; Currently at $23.29,2
Option Alert: SWEEP (BUY) - BABA Sept $82.5 Call - 501 @ 3.7 in 82 orders. 632 traded. OI: 112,8
Citi: Key Takeaways from Family Dollar Management Meeting,2
"Goldman Sachs Maintains Buy, $135 Target on AvalonBay",5
"UPDATE: SunTrust's Peck Highlights Five Key Attributes Shaping Yahoo's CEO Candidates: Public CEO Experience, Familiarity with Yahoo, Media Background, Technology Experience, Turnaround Executions",0
"Benzinga's Top Upgrades, Downgrades For December 13, 2018",5
"Perrigo Announces Patent Litigation Settlement For The Generic Version Of Sernivo Spray, 0.05%; Terms Not Disclosed",2
"Egalet Reports Q4 EPS $(0.87) vs $(0.92) Est., Sales $6.1M vs $5.1M Est.",1
XL GroUp plc Reports Q2 EPS of $1.02 Which May Not Compare $0.83 Est; Revenue of $1.83B Which May Not Compare $1.46B Est,1
Inogen Reports FDA Clearance of Home Oxygen Concentrator,2
Macquarie Initiates Coverage On Oil/Gas Industry,5
"Infinera Reports Q2 Adj. EPS $(0.15) vs $(0.16) Est., Sales $176.8M vs $181M Est.",1
Antitrust Regulator Set to Approve Abbott's Purchase of St. Jude,2
From Earlier: Kona Grill Announces Stock Repurchase Plan,0
"Sanctions, Stimuli And COVID-19: Today's Oil News",2
Hooker Furniture Corporation Reports Q3 EPS of $0.30 vs $0.28 Est; Revenue of $63.20M vs $62.20M Est,1
Grainger To Report Q4 Earnings: What's In Store?,1
5 Top Picks For January,3
What To Make Of Longtime Kroger CFO's Retirement,0
"PFSweb Q1 EPS $(0.04), Inline, Sales $78.421M Beat $75.23M Estimate",1
Deutsche Bank Says Expects To Issue Up to 687.5M New Shares as Part of Capital Increase,5
UPDATE: D.A. Davidson Reiterates On Hanesbrands Following Encouraging Beat And Raise,5
Infographic: Fitbit's Path To IPO,3
Autodesk Signs Agreement to Acquire Structural Fabrication and Detailing Technology from Graitec; Terms Undisclosed,8
The RBA made its case for a lower Australian dollar more forcefully today via ForexLive,5
10 Stocks You Should Be Watching Today,4
E-Commerce Dangdang Up 2% (DANG),3
ReWalk Robotics Reports Received First Tranche Of $5M As Part Of $20M Strategic Investment From Timwell,8
Detroit Edison Going Green - Analyst Blog,3
Amerinet Signs New Agreement with Teleflex Incorporated for Arrow Peripherally Inserted Central Catheters (TFX),2
"Universal Truckload Services, Inc. Commences Self Tender Offer To Purchase Up To 1M shares, Range Of Price $21.50-$23.50",8
Standpoint Research Downgrades DIRECTV to Hold,5
"HC Wainwright & Co. Maintains Buy on Seattle Genetics, Raises Price Target to $175",5
"Top 4 Stocks In The Specialty Retail, Other Industry With The Highest Revenue",0
Mid-Afternoon Market Update: Crude Oil Drops 5%; Alpha and Omega Semi Shares Gain On Earnings Beat,3
Mid-Day Market Update: Restoration Hardware Surges On Earnings; Endocyte Shares Drop,3
TransCanada Issues Comment on Market Activity: 'Firmly Believes in Current Corporate Form...',8
Mid-Afternoon Market Update: The Dow Turns Green; Chipotle Continues to Rise,3
"Rio Tinto Signs A Pact With Chinalco (RTP, ACH, BHP)",8
25 Stocks Moving In Friday's Mid-Day Session,4
Bank Of England To British Banks: Prepare For The Worst,5
Mid-Afternoon Market Update: GameStop Drops After Mixed Q2 Report; Pure Storage Shares Surge,3
Wesco International Reports Q4 EPS $1.12 vs $0.98 Est; Revenues 1.59B vs $1.53B Est,1
The Right International Dividend ETF Right Now,0
Stocks That Hit 52-Week Highs On Monday,6
"Alibaba, Wendy's And More 'Fast Money Halftime Report' Picks From Dec. 2",3
80 Biggest Movers From Yesterday,7
Splunk Inc. Reports Q3 EPS of $(0.01) vs $(0.02) Est; Revenue of $52.0M vs $46.77M Est,1
"Southwest Bancorp, Inc. Reports Q4 EPS of $0.34",1
Fast Money Traders Weigh In On Caterpillar And United Rentals,3
"Stocks Which Set New 52-Week High Yesterday, July 24th:",0
Benzinga's Volume Movers,5
UPDATE: Plug Power Posts Q1 Loss,3
Alcoa: It's All About the Aluminum Outlook,3
UPDATE: Square Says Card Reader Available in More Than 1000 AT&T Stores -Retuers,2
Why Bill Ackman is Going To Be a Train Conductor For Halloween,8
Top 4 NASDAQ Stocks In The Catalog & Mail Order Houses Industry With The Highest Revenue Estimates,0
Will Cyber Monday Turn the Economy Around?,3
Gap Trading Down 2.18% After Hours To $29.56/Share After Old Navy President Stefan Larsson Leaves Company To Become Ralph Lauren CEO,3
Nasdaq Collaborates With Microsoft To Expand Use Of Equity Market Data,0
Shares of several Brazilian stocks are trading higher after China said it is willing to seek trade and investment deals with the country.,3
Watch These 8 Huge Call Purchases In Tuesday Trade,3
Waiting on the Fed 09-21-2010,3
Dun & Bradstreet Shares Volatile as Fitch Says Some Reports Say D&B No Longer Pursuing Sale,3
10 Stocks Moving In Friday's Pre-Market Session,4
Shares of several consumer metals and mining companies are trading higher as commodity prices gain amid falling copper and nickel inventories and recovering demand in China.,3
German Finance Ministry Spokesperson Says No One in Eurogroup Expects Greek Aid Issues to be Resolved By April 24 Meeting; Says Aid Payout to Greece in April is Unrealistic -Reuters,8
UPDATE: Barclays Capital Initiates Mallinckrodt at Equal-Weight on Differentiated Platform Value,5
Susquehanna Downgrades Taylor Morrison Home to Neutral,5
"Benzinga's Top Upgrades, Downgrades For March 14, 2017",5
"Notable Insider Buys In The Past Week: General Electric, Symantec And More",0
32 Stocks Moving In Wednesday's Pre-Market Session,4
"Stocks To Watch For January 8, 2014",4
"Miller Tabak Maintains Buy on Domino's Pizza Inc, Raises PT to $52.00",5
"BZ NOTE On Akorn Price Action Wed., Seeking Alpha Post: Post Mentions 8-K Filing Which Was From Mon. Morning; Shares Of Akorn Did Not React Sharply Mon., However Are Down 32% This Week",5
"Stifel Financial Q1 EPS $1.32 Beats $1.21 Estimate, Sales $770.42M Beat $745.21M Estimate",1
"Goldman Sachs Initiates Coverage On Magellan Midstream with Buy Rating, Announces $69 Price Target",5
JP Morgan Upgrades Alcoa To Overweight,5
Spero Therapeutics Announces Positive Feedback from FDA Pre-Phase 3 Meeting for Oral SPR994 and Submission of IND for SPR994 in cUTI,2
"Vocera Sees Q2 EPS $(0.08) to $(0.03) vs $0.02 Est, Sales $36M to $38M vs $37.9M Est",1
First Community Q1 EPS $0.60 Beats $0.52 Estimate,1
Are The Coal Industry's Days Numbered?,3
"Alibaba Q4 617M Mobile MAUs, 552M Annual Active Consumers",3
Hearing National Securities Upgraded Bluerock Residential To Buy,2
Northern Trust Q3 EPS $1.69 Beats $1.63 Estimate,1
"I.D. Systems Reports Q2 EPS $(0.12) vs. Est. $(0.01), Rev. $8.9M vs. Est. $10.57M",1
BazaarVoice Shares Plunge ~16% Following Headlines the Cos. PowerReviews Deal Could Be Block by US,3
Option Alert: WLL Sep16 8.0 Calls Sweep: 7590 @ ASK $0.55: 8085 traded vs 5895 OI: $7.82 Ref,8
"Wells Fargo Maintains Equal-Weight on AGCO, Lowers Price Target to $54",5
Kiwi shorts are coming out of the woodwork via ForexLive,3
"Parker Hannifin's Aerospace Partners Announces Partnership with Rolls-Royce on Trent XWB-97 Engine, Expecting Sales of $2.2B Over Life of Program",8
Option Alert: Zogenix Jan 2017 $2.5 Call; 1000 Contract Trade at Ask @$0.40; Now $1.40,8
"Mizuho Initiates Coverage On Domino's Pizza with Buy Rating, Announces $250.00 Price Target",5
"Cowen Annual Healthcare Conference Continues Today; Presenters Include Regulus, Eli Lilly, Oculus, DexCom, Illumina, Allergan, Kite Pharma, Pfizer, and bluebird bio",0
44 Biggest Movers From Friday,7
"Goldman Sachs Downgrades AutoZone from CL-Buy to Buy, Maintains PT at $415",5
Deutsche Bank Wins Fund Services Mandate From TIAA-CREF,5
CORRECTION: Wolfe Research Downgrades CenterPoint Energy to Peer Perform,5
"Benzinga's Top Upgrades, Downgrades For December 19, 2016",5
"Time Warner Cable, Boingo Reports Launch of Passpoint Roaming Coast to Coast",3
"Fifth Street Preliminary Q3 EPS $0.24-$0.26, Est $0.27",1
"Earnings Preview: Rent-A-Center & How To Trade It (RCII, AAN)",3
Bank of Ireland Shares Volatile Following Deutsche Bank's Mid-Day Upgrade,5
38 Stocks Moving In Wednesday's Pre-Market Session,4
First Study of Diazepam Nasal Spray in People with Epilepsy Shows Feasibility of Dosing During Seizure,2
"Stocks Which Set New 52-Week High Yesterday, August 7th",0
Amtech Systems Reports Q3 Loss of $0.12/Share vs Loss of $0.14/Share Est.,1
"Stocks Which Set New 52-Week Low Yesterday, Tues., Dec. 20, 2018",0
"The Daily Biotech Pulse: EyePoint Licenses Eye Inflammation Drug, Insys Strategic Review Of Opioid Assets, Neos Offering",2
Stratasys Reports Partnership with Dassault Systemes for Improvement of Performance of Additively Manufactured Production Parts,8
Top 4 Small-Cap Stocks In The Residential Construction Industry With The Highest ROE,0
"Benzinga Pro Mid-Day Price Check For Major Averages: Russell Down 1.3%, Dow Jones Down 1.3%, S&P 500 Down 1.4%, Nasdaq Down 1.7%",5
Benzinga's Volume Movers,5
Dollar Tree Option Alert: Fri $85 Puts at the Ask: 1000 @ $1.4 vs 1616 OI; Earnings 11/20 Before Open [est] Ref=$84.92,8
"Barclays Downgrades Tesaro to Equal-Weight, Raises Price Target to $75",5
KeyBanc Upgrades Waste Management to Overweight,5
"Harsco Signs 10 Year, $60M Mill Services Contract in Egypt",8
"Wednesday's Mid-Day Movers: PhotoMedex, Career Education And More",7
30 Stocks Moving In Wednesday's Pre-Market Session,4
"Will Diamonds Be Forever With This ETF? (EZA, CNDA, GLD)",3
Stocks That Hit 52-Week Highs On Friday,6
"William Blair Growth Stock Conference Continues Today, Presenters Include: Zendesk, CURO, NetApp, Guidewire Software, Six Flags, 8 x 8, Arista Networks, llumina, Mastercard, and Visa",0
Ross Stores Earnings Preview: Rising Expectations for the First Quarter,3
Is Schlumberger Ready to Run?,0
Pre-Market Gainers 8/8,3
"INSYS Therapeutics Offers Response To Unsealing Of Previously Filed Qui Tam Complaints, Recaps Transformation",2
Earnings Scheduled For May 2,3
"BMO Capital Maintains Outperform on Baxter International, Lowers Price Target to $76",5
J.P. Morgan Reiterates Overweight on CenturyLink,5
Petrobras Says More Than 20 Companies Are Interested In Buying Its Refineries,0
Mid-Morning Market Update: Markets Open Higher; Darden Restaurants Profit Tops Estimates,3
"Benzinga's Top Upgrades, Downgrades For January 30, 2018",5
Churchill Downs shares trading higher following strong Q1 earnings and sales.,3
"Stocks Which Set New 52-Week Low Yesterday, September 25th",0
Microchip Raises Q3 Outlook,3
10 Stocks Moving In Friday's Pre-Market Session,4
Analyst Explains Why AK Steel Was The Best Turnaround Story Of 2016,3
Kofax Appoints James A. Urry to Its Board of Directors,0
"Infinity Property and Casualty Reports Q2 EPS $0.34 Does Not Compare To $0.92 Est., Sales $339.1M vs $379M Est.",1
"Buckingham Research Maintains Buy on United Airlines Holdings, Raises Price Target to $120",5
"B. Riley Caris Upgraded Palo Alto Networks, Inc. to Buy, Raised PT to $68.00",5
The Medicines Company Settles Angiomax Patent Litigation With Sun,2
"Wolfe Research Downgrades BorgWarner to Peer Perform, Lowers Price Target to $46",5
Earnings Preview: Alkermes - Analyst Blog,3
Bank of America shares are trading higher after BMO Capital upgraded the stock from Market Perform to Outperform and announced a $37 price target.,5
Goldman Sachs Maintains Neutral Rating on KAR,5
Siga Bid for Reargument in Pharmathene Case Denied by Judge,8
Searching for Bargains in Transportation Stocks,0
Pool's Earnings Preview,3
KBR Gets Pact with US Navy,8
Benzinga's Top Upgrades,5
Benzinga's Top Initiations,5
Grocers All Trading Higher,3
"Benzinga Market Primer: Tuesday, March 26",5
WiLAN Enters Royalty License Agreement with Kith Consumer Products,2
"Earnings Scheduled For November 6, 2017",3
All Three Members of Ambulance Crew Exposed to Ebola Patient Test Negative for Ebola -Reuters,2
"Benzinga's M&A Chatter for Tuesday October 9, 2012",5
Taco Bell Announces Cool Ranch Doritos Locos Tacos Release Date,5
Wunderlich Securities Maintains Hold Rating and $7 PT on Centerstate Banks,5
"UPDATE: CVS Posts Better-Than-Expected Q2 Results, Shares Rise",3
"L-3 Communications Raises Qtr. Dividend from $0.50 to $0.55/Share, Announces Added $1.5B to Buyback Plan",8
Amazon To Acquire Whole Foods For $42/Share,3
Lamar Interested In Clear Channel Billboard Assets Worth Roughly $450M-Reuters,5
The Market In 5 Minutes: OPEC's Deal And Gary Johnson's Moment,3
Stocks Hitting 52-Week Lows,9
Vetr Top Raters Love SanDisk,5
"Stocks Which Set New 52-Week High Yesterday, August 2nd",0
"Pareto Securities Maintains Hold on Noble Corporation, Lowers PT to $41.00",5
"Breeze-Eastern Reports Q4 Adj. EPS $0.49, Sales $31M",1
Report: GrubHub Refunds Restaurant After Excessive Billing,3
Stocks That Hit 52-Week Lows On Friday,9
61 Biggest Movers From Friday,7
"Tuesday Morning Reports Reduced Q4 Loss, 4% Growth In Sales",1
9 Energy Stocks Moving In Wednesday's Pre-Market Session,4
Rent-A-Center Increases Quarterly Cash Dividend from $0.21 to $0.23,8
JetBlue Airways December Traffic up 3.7%,1
"Paulson & Co. Raises Stakes Stakes in Family Dollar, Aetna, Kodiak Oil & Gas, Vodafone, Reduced Stakes in Leap Wireless, Realogy, InterOil",2
Stocks That Hit 52-Week Highs On Wednesday,6
Winners And Losers From Nomura CIO Spending Survey,3
Tenneco Spiking Lower on Heavy Volume; Currently at $31.99,2
"Rio Tinto Reports Record Profit, Plans $5B Buyback",8
"The Russell 2000 Has Underwhelmed This Year, But Here's One Way To Play A Comeback",5
Calls Purchased on Danaher Corporation (DHR),8
Performance Sports Shares Trading on NYSE Up ~13%; Stock Trading on Toronto is Up ~18%,3
Goldman Sachs Upgrades Baker Hughes Incorporated to Buy,5
30 Stocks Moving In Friday's Mid-Day Session,4
"Benzinga's M&A Chatter for Thursday November 6, 2014",5
Will Avon's (AVP) Strategies Help Find a Way Out of the Maze?,3
"Earnings Scheduled For May 9 (BID, CHDN, TSN, SF, PETS, AONE, SRE, AES, SYY, TVI, RST)",3
"Wedbush Projects Apple To Dominate 5G 'Super Cycle,' Disney To Beat Netflix",3
Apogee Names Joseph F. Puishys CEO and President,0
"Morgan Stanley Maintains Equal-Weight on Aflac, Raises Price Target to $40",5
"Teekay Tankers Earlier Reported Q1 EPS $(0.08) Missed $(0.07) Estimate, Sales $168.465M Beat $91.63M Estimate",1
NuVasive Announces $100M Share Buyback,8
48 Biggest Movers From Yesterday,7
PowerShares Small Cap Sector ETFs Hit the Tape,0
Hearing Dillard's Is The 'Extreme Long' Idea To Be Published By Mox Reports Today,2
"10 Stocks To Watch For November 29, 2018",4
WSJ Publishes 'Trump to Meet Metal Workers as Aides Ready Tariff Rollout' $,8
Top 4 Small-Cap Stocks In The Communication Equipment Industry With The Highest EPS,0
"Stifel Nicolaus Maintains Buy on Perrigo Company, Raises PT to $165.00",5
"Barrington Research Reiterates Outperform on TiVo Inc., Raises PT to $16.00",5
Gas Natural Inc. Receives Positive Outcome with Montana PSC Ruling,2
"I.D. Systems, Inc. Reports Q1 EPS of $(0.15) vs $(0.03) Est; Revenue of $8.0M vs $10.09M Est",1
Santander Consumer shares are trading higher after the company reported better-than-expected Q4 EPS results.,3
Watching Uranium Stocks As Hearing Saudi Arabia Planning To Issue A Multi-Billion-Dollar Tender In 2020 To Construct The Nations First 2 Nuclear Power Reactors,3
"Citigroup Maintains Buy on Encana, Lowers Price Target to $9",5
8 Biggest Price Target Changes For Thursday,5
"Barclays Maintains Dollar Tree at Equal-weight, Lowers PT from $96 to $48",5
NuVasive (NUVA) at 52-Week High: What's Driving the Stock?,0
New York & Company Shares Up 18.0488% As Brick and Mortar Retailers Continue To Outperform; Wednesday Co. Reported Q3 Top and Bottom Line Beat With Positive Comp Sales,3
"Citigroup Maintains Buy on Cognizant Tech Solns, Lowers Price Target to $69",5
Aegerion Pharmaceuticals Announces Resolution Of Warning Letter for JUXTAPID (lomitapide) Capsules,2
46 Biggest Movers From Yesterday,7
5 Industrials Stocks Moving In Tuesday's Pre-Market Session,4
"Oppenheimer Maintains Acuity Brands at Perform, Raises PT from $52 to $64",5
"Alcoa's Downstream Business Is Worth $8-$11 Per Share According To Morgan Stanley, Says Aerospace EBITDA Should Rise 9% CAGR btwn 2015-2019",8
Domtar Welcomes Investment By Schlumberger in CelluForce,0
"Wells Fargo Sends International Speedway, Speedway Motorsports To The Pit",5
Scandinavia Is Looking Good,3
Option Alert: Molina May $60 Call; 2500 Contract Trade above Ask @$1.20; Now $58.36,8
UPDATE: Domino's Confrence Call Ends,3
"Benzinga's Top Upgrades, Downgrades For December 5, 2019",5
60 Stocks Moving In Tuesday's Mid-Day Session,4
ServiceMagic Names Chris Terrill as Chief Executive Officer (IACI),0
Hillenbrand shares are trading lower after the company purchased Milacron Holdings for $2 billion in cash.,3
Centrus Energy Reports Q3 EPS ($6.05) Vs Prior $55.51,1
Gold And Gold Miners Give Up 2014 Gains,3
"Detwiler Fenton Bullish On Darden, Expects Performance Across Banners To Remain Strong In Q4, Expects Traffic To be Resilient In Lieu Of Cost Cutting Measures",2
"Jefferies & Company Maintains Abercrombie & Fitch at Buy, Lowers PT from $60 to $50",5
"Benzinga Pro Morning Price Check For Regional ETFs: Brazil (EWZ) Up 1.7%, Russia (RSX) Up 1.3%, Japan (EWJ) Up 1.2%, Mexico (EWW) Up 0.3%, India (INDA) Up 0.2%, Europe (VGK) Up 0.1%, Australia (EWA) Up 0.1%, US (SPY) Up 0.1%",5
"Top Narrow Based Indexes For July 28 (AFFX, HTM, STBUY)",0
"Stifel Nicolaus Upgrades Norfolk Southern to Buy, Announces $189 Price Target",5
"Arrowhead Pharmaceuticals shares are trading higher after Cantor Fitzgerald upgraded the stock from Neutral to Overweight and announced a price target of $60 per share. UPDATE: Shares have since reversed, now lower.",5
"ETFs To Watch August 4, 2011",0
"UBS Initiates Coverage On General Dynamics with Neutral Rating, Announces $210 Price Target",5
Dollar General Corporation Reports Q3 EPS of $0.76 vs $0.80 Est; Revenue of $4.72B vs $4.75B Est,1
3 Legitimate Catalysts Driving The Illegitimate Rally In Shipping Stocks,0
UPDATE: Stifel Reiterates on Peabody Energy as Australian Mine Issues Force 4Q13 Warning,5
Notable Put Options Activity in Bank of New York Mellon Corporation,5
SolarCity Completes Private Placement of $185M,8
Mid-Morning Market Update: Markets Mostly Flat; BlackBerry Results Beat Estimates,3
President Obama Says Extremely Low Potential for Ebola Outbreak in US,2
30 Stocks Moving In Thursday's Mid-Day Session,4
Must Watch Stocks for Today,4
Horizon Pharma Announces USPTO Issuance of an Additional Notice of Allowance With Claims Covering VIMOVO Delayed Release Tablets,2
"Earnings Scheduled For July 18, 2013",3
"Top 4 Stocks In The Air Services, Other Industry With The Highest ROE (AIRM, AAWW, BRS, ASR)",0
"Stifel Maintains Buy on Magellan Midstream, Lowers Price Target to $56",5
Jefferies Reiterates Hold On Eaton Vance (EV),5
"Symantec Says Company ""Under Attack"" By Shareholders -Reuters (SYMC)",2
Barclays Downgrades Forum Energy Technologies to Equal-Weight,5
Varian Acknowledges Receipt of Competing Bid by Sirtex from CDH Investments,3
"Telecom Italia Says Began Negotiations With Open Fiber Related To Strategic Options, Received Added Non-Binding Offer For Persidera Unit",8
Stocks That Hit 52-Week Lows On Thursday,9
"Jefferies Assumes Xenon Pharmaceuticals at Buy, Raises Price Target to $23",5
"FBR Capital Initiates Coverage On JCP, ARO, URBN, LULU, JWN, KSS, CHS, AEO, M, CWTR, ANN, ANF",0
Targacept Files $200M Mixed-Securities Shelf Registration,8
"Evercore Partners Initiates Coverage on Independent Bank Group at Overweight, Announces $33.00 PT",5
"Drybulk Stocks Trading Higher as Global Hunter Upgraded Star Bulk, Baltic Trading to Buy, Eagle Shipping, Genco to Neutral",0
Hearing Fed's Kaplan Says Favors Taking No Fed Action In First Couple Quarters,8
Expedia Loses French Commercial Court Ruling,5
"UPDATE: President of China's Boyalife (Hong Kong), Ltd. Acquires 20.3% Stake in Cesca Therapeutics",8
"Northland Securities Initiates Coverage on Clearfield at Outperform, Announces $17.50 PT",5
Donald Trump Tweets: Rand Paul is a friend of mine but he is such a negative force when it comes to fixing healthcare. Graham-Cassidy Bill is GREAT! Ends Ocare!,5
"FireEye Reports Q2 EPS loss $0.41 Vs Est Loss $0.48, Sales $147.2 Vs Est $143.12M",1
"Benzinga's Top Upgrades, Downgrades For August 16, 2018",5
"Earnings Scheduled For October 28, 2013",3
74 Biggest Movers From Yesterday,7
Shares of several industrial companies are trading higher as markets rebound following Monday's selloff. US President Trump on Monday suggested the US is considering a payroll tax cut to relieve the negative economic effects of the coronavirus.,3
"Twin Disc Reports Q1 EPS $(0.24) vs $(0.29) Est., Sales $35.8M vs $38.1M Est.",1
Wells Fargo Upgrades Targa Resources to Outperform,5
"10 Stocks To Watch For September 27, 2018",4
"Stephens Downgrades Atlas Air Worldwide Holdings from Overweight to Equal-weight, Lowers PT from $67 to $50",5
National Instruments Shares Rise $2.02 After-Hours; Robert Sluymet Mentioned the Stock on CNBC's Fast Money,8
"Citigroup Maintains Buy on Avery Dennison, Raises Price Target to $132",5
Navistar Skips Incentive Chase To Get Electric Trucks To Diesel Price Parity,8
Agile Therapeutics shares are trading lower after the company announced a proposed underwritten public offering of common stock. No size was disclosed.,3
Shares of several oil and gas companies are trading higher after President Trump said he expects Russia and Saudi Arabia to announce a 10 million barrel supply cut.,3
Benzinga's Top #PreMarket Losers,5
"China Jo-Jo Drugstores Q3 EPS $0.02 Up From $(0.06) YoY, Sales $33.36M Up From $30.917M YoY",1
BioMarin Enrolls First Patentin in Phase Vosoritide Trial,2
"US Judge Denies Coca-Cola Bid to Dismiss Consumers' Claims Related to Labeling of Simply Orange, Minute Maid Juice",8
SemGroup Earlier Announced Will Sell Mexican Asphalt Business For $70M,8
"Week Ahead Trading Preview (RIMM, ORCL, GIS, ACN, FDX, BBY)",3
"Option Alert: AXL Apr '17 $19 Call Sweep: Volume of 1,893 vs Open Interest of 601",8
"Benzinga Pro Morning Price Check For Sector ETFs: Financials (XLF) Up 0.3%, Staples (VDC) Up 0.3%,Healthcare (IYH) Flat 0.04%, Industrials (VIS) Down 0.2%, Retail (XRT) Down 0.4%, Technology (XLK) Down 1.1%, Energy (XLE) Down 1.2%",5
"Benzinga's M&A Chatter for Monday September 15, 2014",5
"Cramer Advises His Viewers On Beyond Meat, Texas Instruments And More",3
UPDATE: Powis Says Unfortunately Deaths Will Continue To Increase For A Few Weeks Yet,3
Boomerang Generation: Between Freedom and Fetters,3
Option Alert: New Res Inv Tr Nov17 18.0 Calls Sweep: 590 @ ASK $0.25: 722 traded vs 814 OI: Earnings 5/4 Before Open [est] $15.40 Ref,8
"Maximus Q2 EPS $0.84, Inline, Sales $612.8M Miss $616.04M Estimate",1
"The Oxen Group Initiates Albermarle, Ashland, Celanese, Dow Coverage",0
PG&E Option Alert: Feb 1 $8 Calls Sweep (2) near the Ask: 1984 @ $0.801 vs 4298 OI; Earnings 2/8 Before Open [est] Ref=$7.6699,8
"Mid-Morning Market Update: Markets Open Mixed, Ford Q1 Profit Rises",3
"Cytori Reports Q1 Adj. EPS $(0.26) vs $(0.28) Est., Sales $1.6M vs $2.5M Est.",1
"Deutsche Bank Reiterates Cardtronics Buy, $25 PT (CATM)",5
Top 4 Stocks In The Home Improvement Stores Industry With The Highest Revenue Estimates,0
65 Biggest Movers From Friday,7
Bank of America Downgraded Rockwell Automation to Underperform,5
"Envision Healthcare Hldgs Q2 EPS $0.92 Beats $0.87 Estimate, Sales $2.073B Miss $2.09B Estimate",1
"Carlyle Group Q4 EPS $0.56 vs $0.44, Sales $648.8M vs $593.8M",1
Notable Call Options Activity in JA Solar,8
Assurant Hits 52-Week High of $43.19,6
"EXCLUSIVE: Benchmark's Kurnos Believes IAC 'Would Definitely Get the Greatest Amount of Synergies from Angie's,' While Another Possible Suitor Would Need to Build Out",8
"Earnings Scheduled For November 1, 2016",3
Qwest Beats on Better Revenue Trend - Analyst Blog,3
"Stein Mart Shares Halted, News Pending",3
From Earlier: LiveDeal Announces Receipt of NASDAQ Compliance Determination,0
"Silver Wheaton Will Outperform Silver Sector in 2011, Poll Says",3
"Citigroup Maintains Neutral on Yahoo!, Raises PT to $38.00",5
Conagra Q3 Sales $3.88B vs $3.87B est,1
Neuralstem Reports Winning Of $1M Grant By NIH To Continue Preclinical Research Into Potential Of NSI-189 For Treatment Of Diabetic Neuropathy,2
ADA-ES Signs $19 Million Contract with DOE,8
Arris Spikes Higher After Resumption of Trade Following Pace Acquisition Announcement,3
Aflac Affirms 2016 EPS And Sales Guidance,1
"8-K from MVC Capital Shows Co., US Gas & Electric, James Wiser Entered Merger Deal with Crius Energy Trust, Verengo, Mace Merger Sub",8
"Whole Foods Market Unveils New Streamlined, Value-Focused Brand: '365 by Whole Foods Market'",3
Astronics Announces 10% Class B Stock Distribution,0
"UPS Shares Quiet Amid Raised FedEx Target at Argus, Story Amazon Will Be Refunding Customers Shipping Costs as UPS Missed Some Deliveries",8
"Apricus Expands Exclusive License Agreement With Sandoz Affiliate, Apricus to Receive Up to $63M in Milestone Payments",8
Mid-Morning Market Update: US Markets Open Higher; Bank of America Reports Q1 Net Loss,3
Traders Continue to Buy Calls on CA Inc. (CA),3
"Stocks Which Set New 52-Week Low Yesterday, September 26th",0
"Patrick Industries Earlier Reported Q1 EPS $0.9 Beats $0.88 Estimate, Sales $608.218M Beat $595.67M Estimate",1
"Rubicon Technology Malaysian Polishing Facility Earns Key Endorsements, Begins Volume Production of Large Diameter Sapphire Wafers",8
17 Energy Stocks Moving In Tuesday's Pre-Market Session,4
An Affordable Glow: New Product Is Revolutionizing The Skincare Industry,3
"Ur-Energy Late Friday Reported Q4 EPS $0.00 vs $(0.02) Est., Sales $38.37M vs $27.31M In Same Period Prior Year",1
Rovi Corporation Issues Letter to Stockholders; Responds to Engaged Capital,2
"Sherwin-Williams, Valspar Extend Term Of Merger Agreement From Mar. 21st To June 21st, 2017",8
Pfizer Raises Guidance,5
"Stocks Which Set New 52-Week Low Yesterday, September 11th",0
J&J's Janssen Confirms FDA Panel Votes Against Approval of XARELTO for Use in Patients with ACS,2
"Option Alert: Noki May 8 Call; 9,602 Contract Trade Between Bid and Ask @$0.46 Currently $7.61",8
Nvidia Raises Dividend From $0.14 To $0.15,8
"UK Government Expected To Back Amendment Confirming PM May's Commitment To Hold Votes On Brexit Deal, No-Deal And Brexit Delay",8
"Wells Fargo Earlier Maintained Overweight on Home Depot, Lowered Price Target to $195",5
"Morning Social Media Outlook for Tuesday Mar 6 (SHFL, HAR, PCX, NTRI)",3
"Keep an Eye on These 10 Stocks for May 5, 2015",4
"Regulatory Arguments Hampering Options Trading On PALL, PPLT",3
Mid-Day Market Update: Nutanix Climbs After Strong Q3 Results; GameStop Shares Plummet,3
"Stocks Which Set New 52-Week High Friday, September 21",0
"Raymond James Financial Reports May AUM $63.3B, Securities Commissions Down ~0.3%",8
Shares of several technology stocks are trading lower amid demand and supply chain disruption concerns driven by coronavirus.,3
42 Stocks Moving In Tuesday's Mid-Day Session,4
Morning Market Losers,3
"Earnings Scheduled For September 16, 2015",3
"Golar LNG Reports Interim Q1 Results: Operating Loss $41.4M, EBITDA $16.2M",1
"ETFs To Watch June 1, 2010 (VGK, SMN, SGG, TAO)",0
Mid-Morning Market Update: Markets Mixed; AT&T To Buy DirecTV For $48.5B,3
"Mid-Day Market Update: AOL Surges On Barclays Upgrade, Cliffs Drops",3
"Got Good Credit? These Countries Do, But For How Long?",3
Detwiler Fenton Sees iPhone Sales At Risk Of Being Down YoY Heading Into March Quarter 2015,2
"Magellan Midstream Q1 Adj. EPS $1.280 Beats $1.030 Estimate, Sales $782.806M Beat $683.970M Estimate",1
"ETFs to Watch December 21, 2011",0
July 2014 UK CPI 1.6% vs 1.8% exp y/y via ForexLive,1
"Apple Shares Unaffected Following Co. Press Release Highlighting Second-Generation iPhone SE, Starting At $399",3
PNC Expects Q1 Average Loans To Be Up About 1% From Q4,1
Mid-Day Market Update: US Stocks Turn Lower; NGL Energy Partners Shares Spike Higher,3
"Compass Point Upgrades American International Gr to Buy, Raises Price Target to $56",5
5 Stocks Which Plummeted Three Days On Increasing Volume,0
41 Biggest Movers From Yesterday,7
Warren Buffett Retires From Washington Post Board,0
"UBS Maintains Neutral on FireEye, Raises PT to $18.00",5
"Gordon Johnson: Sell GATX Corp, Rail Leasing Rates Look Scary",3
"China Halts Stock Market Rally (AA, CAT, X, BUCY, GLD)",3
UnitedHealth To Buy Diplomat Pharmacy For $300M,5
M&T Bank Corporation (MTB) Reports $151 Million In First-Quarter Profit,8
Stocks That Hit 52-Week Highs On Monday,6
Hearing Drexel Upgraded NXP Semiconductor To Buy,2
"PMC - Sierra, Inc. Reports Q1 EPS of $0.07 vs $0.08 Est; Revenue of $125.20M vs $127.77M Est",1
"Top 4 Stocks In The Residential Construction Industry With The Highest Dividend Yield (MDC, KBH, DHI, LEN)",0
"BofA Adjusts Q3'14 Results, Records Added $400M Litigation Expense, Adjusts Q3 Loss of $0.04/Share",1
Stocks That Hit 52-Week Highs On Thursday,6
Markets Open Higher; Michael Kors Results Beat Street View,3
Benzinga's Volume Movers,5
S-1/A Filing From FCB Financial Shows 25.9M Class A Common Offering,8
Stocks That Hit 52-Week Lows On Thursday,9
"Life Technologies Spikes Higher, May be Attributed to Renewed Takeover Chatter",3
"Guggenheim Securities Upgrades Energy XXI (Bermuda) Limited to Buy, Maintains $19.00 PT",5
Stocks Which Set New 52-Week High Yesterday,0
Forbes Energy Services Reports Selected Operating Data for November 2011; Total Rig Hours +51% YoY,8
"Intersil's New High-Voltage Precision Operational Amplifier Operates at 20 Percent Lower Noise, Consumes 30 Percent Less Power Than Competing Solutions",8
"BMO Capital Markets Maintains Kimberly-Clark at Market Perform, Raises PT from $80 to $89",5
"Could Today See DJIA at 25,000? Major Milestone Draws Near For Index",3
Mid-Morning Market Update: Markets Mostly Higher; GE Profit Beats Estimates,3
"Green Dot Q4 EPS $0.14 Beats $0.11 Estimate, Sales $249.3M Beat $238.49M Estimate",1
ConAgra Foods Acquires Blake's All Natural Foods for Cash; Terms Not Disclosed,3
"Deutsche Bank Raises Workday Price Target From $105 To $115, Says Buy-Side Sentiment Remains Bullish And Management's Tone Remains 'Solid' With Q4 Earnings Approaching Feb. 27th",5
"Abbott, Novo Nordisk Report Partnership To Provide Integrated Digital Solution to People with Diabetes Using Insulin",2
"General Dynamics Reports Q4 Adj. EPS $2.50 vs $2.38 Est., Sales $8.3B vs $8.41B Est.",1
Ingersoll-Rand Board Will Review Proposals From Nelson Peltz,3
Benzinga's Top #PreMarket Gainers,5
MedAssets Signs Partnership Agreement with Attainia for Unique Construction Services Capabilities,8
"Option Alert: Altera Jan $35 Call; 6,069 Contracts Traded vs 1,712 OI; Currently $34.43",8
"Earnings, Econ Numbers And The Beige Book Pepper The Second Round of The WeTrader Competition",3
"REIT ETFs: Investor's Starting To Take Notice (VNQ, IYR, ICF, RWR, FTY, FRI, IFNA)",0
Benzinga's Top Initiations,5
UPDATE: Nautilus Sees Q4 Sales ~$109M vs $109.5M Est.,1
SoCal Edison Announces New Contract with EnerNOC,8
Symantec Earnings Preview: Analysts Expect Flat EPS Over Last Quarter,3
25 Stocks Moving In Tuesday's Pre-Market Session,4
Sonoco Announces Robert Tiede COO,8
Deutsche Bank Downgrades Discover Financial to Hold,5
20 Stocks Moving in Thursday's Pre-Market Session,4
"Wayfair Reports Q4 EPS -$0.73 Vs Est $-$0.28, Sales $408.6M Vs Est $368.80M",1
Fast Money Picks For November 9,3
"Top 4 Stocks In The Sporting Goods Industry With The Highest Cash (ELY, RGR, POOL, NLS)",0
"Earnings Scheduled For October 18, 2017",3
DTE Energy Company Sees FY2015 EPS $4.43-4.67 vs $4.60 Est,1
Navistar International Corporation Reports Q2 EPS of $(4.65); Revenue of $2.53B,1
"B. Riley FBR Maintains Buy on Insight Enterprises, Lowers Price Target to $67",5
"Willbros GroUp, Inc. Reports Q3 EPS of $(0.02) vs $0.08 Est",1
Calls Purchased on News Corp. (NWSA),2
Atmel Expands Metering Platform For Advanced Smart Energy Applications,8
Checking In: Trying To Find Shelter From The Storm,3
"Jacobs Secures Engineering Services Agreement with TransCanada, Terms Not Disclosed",8
"ETFs To Watch July 26, 2010 (FXE, DDM, EWZ, TNA)",0
Benzinga's Top Upgrades,5
Piper Jaffray Reiterates Overweight Rating on ReachLocal Inc. (RLOC),5
Recap: Costamare Q1 Earnings,1
"Shares of several companies in the broader healthcare sector are trading lower amid market weakness despite recent strength from many names in the space. Equities are down for the session following cautious comments from US Fed Chair Powell, which forecast uncertainty and downside risk. Some regions of the US have extended lockdown restrictions, including Washington D.C. and Los Angeles County.",3
"Short Interest Swings in Biotech Stocks (BIIB, GILD, VVUS)",9
54 Biggest Movers From Friday,7
"Cypress Semi, Spansion Report Effectiveness of SEC Registration, Japanese FTC Approval",8
Barnes & Noble shares are trading lower after the company said it may have to reduce earnings guidance by as much as 10% due to higher advertising spend.,3
Jones Energy Offering 5M Shares At $10/Share,8
Is This Value Stock a One Trick Pony?,0
"Raymond James Maintains Outperform on iStar, Raises Price Target to $17",5
"Shares of several technology companies are trading lower amid market weakness, selling off from recent sector strength. Equities have moved lower for the session, potentially related to cautious comments from Fed Chair Powell, who suggested uncertainty and 'significant' downside risks in the economy.",3
Amended 13D Filing from Dan Loeb's Third Point on Sotheby's Just Hitting SEC's EDGAR Site,2
"Baird Upgraded Symantec Corporation to Outperform, Raised PT to $30.00",5
Mid-Morning Market Update: Markets Mixed; GameStop Lowers Profit Forecast,3
"Grainger Reports Oct. Sales Growth 7%, US Sales Growth 10%, Canadian Sales Fell 4%",1
"Spruce Point Capital Issues 'Strong Sell' Report On XPO Logistics, Sees 40%-60% Intermediate Downside Risk And Up To 100% Long-Term Downside",3
Glen Burnie Bancorp Reports Q1 EPS $0.10 vs. Prior Year Quarter $0.14,1
Stocks to Watch for Friday 7/29/2011: Fresh 52-Week Highs and Lows,4
"Stocks That Will Be Trading Ex Dividend Thurs., Nov. 29, 2018",0
"Morgan Stanley Maintains Equal-Weight on Electronic Arts, Raises Price Target to $126.00",5
"James Altucher Says 3.5% Vringo Settlement Could be Worth Up to $500M; Seems ""Pretty Good""",2
"Wolverine World Wide Says Maintains $1.75B Credit Facility, Draw Down Strengthens Cash Position Resulting In ~$450M In Cash On Hand",5
FE Upgraded To Buy At Citigroup,5
Invesco Mortgage Capital Q3 EPS $0.47 Beats $0.45 Estimate,1
Quantum Appoints Bassam Tabbara as Chief Technology Officer,0
"Short Interest Rises in Facebook, Zynga (FB, YELP, ZNGA)",3
HC2 to Acquire 50%+ Interest in DTV America; Terms Not Disclosed,8
Morning Market Movers,3
"Earnings Scheduled For March 27, 2018",3
"FTI Consulting, Inc. Sees FY2013 EPS $2.40-2.60 vs $2.51 Est; Sees Sales $1.63B-1.70B vs $1.61B Est",1
"21vianet Announces Will Invest in Aipu, to Own 50% Stake, Terms Not Disclosed",8
"Cantor Fitzgerald Maintains Datalink at Buy, Raises PT from $10.5 to $11.5",5
Stocks Hitting 52-Week Highs,6
"Benzinga's Top Upgrades, Downgrades For February 8, 2019",5
"US Stock Futures Slightly Lower Ahead of Jobless Claims, Existing-Home Sales Data",3
Might The Stock Market Recover From Earlier Declines?,3
"Fiat Chrysler CEO Says Any Potential Partner Has To Have A Multi-Brand Strategy Similar To That Of FCA, 'Can not imagine how tie-up with Ford could work'",8
"Coverage Initiated On (KITD, SM, SNI, PERY, PEG)",0
"Cisco, Nike And ETFs: Fast Money Picks For November 17",3
Morning Market Losers,3
"IBM Reports Purchase of Promontory, No Terms Disclosed",8
"Benzinga's Top ETF Decliners, May 12th (AGQ, BAL, SOXS, BOM)",5
Stocks That Hit 52-Week Lows On Thursday,9
Short Interest in Alpha Natural and Walter Energy Continues to Rise,0
"Morgan Stanley Maintains Hudson Pacific Properties at Equal-weight, Raises PT from $15 to $16",5
"Fast Money Picks For September 28th (MOS, PCL, JBLU, BAC, JNPR)",3
"Towers Watson Guides FY2012 EPS $4.85-5.00 vs $4.85 Est, Revenue $3.4-3.5B vs $3.44B Est",1
Neovasc Provides Update on its Tiara Mitral Valve Clinical Program,2
First South Bancorp Reports Quarter Ended EPS $0.20 vs $0.15 In Prior Year Period,1
Checking In On GrubHub's Earnings Streak,3
4 Retail Stocks with Great Value & Earnings Growth Potential,0
Global-Tech Advanced Innovations Announces Return to Profitability for Second Quarter of Fiscal 2012,3
"Divergences Galore; Market Remains Indecisive (USO, UNG, APA, DVN, RRC, GAS, X, MT, AKS, NUE, FCX, NEM)",3
Stocks That Hit 52-Week Highs On Thursday,6
Bank of America Upgrades SanDisk to Buy,5
"Bank of America Initiates Coverage On Shiloh Industries with Neutral Rating, Announces $9.50 Price Target",5
Mad Money Lightning Round: Cramer Likes Coca-Cola,3
"Brookfield Asset Mgmt Q1 FFO $0.55 vs $0.69 In Same Qtr. Last Year, EPS $(0.20) vs $0.39 Year Over Year",1
"Moves in Smaller Tech Stocks (BV, FARO, HURC, UPIP)",4
"Stocks To Watch For May 27, 2014",4
Longbow Research Downgrades Carpenter Tech to Neutral,5
Marten Transport Reports Q1 EPS $0.25 vs $0.23 Est; Revenues $151.5M vs $156.8M Est,1
"Short Interest in Groupon, Twitter On The Rise (GRPN, TWTR, ZNGA)",0
Morgan Stanley Downgrades NVO To Equal Weight,5
"Seeing Some Shipper Stocks Sink, Led By Diana Containerships -9.72%, Euroseas -6.67%, Diana Shipping -1.01%; Notable Outliers Are DryShips +1.25%, Top Ships +4.9247%",0
Hearing Trump Admin To Cancel Thousands Of Chinese Student Visas From Certain Universities With Ties To The Chinese Govt,8
"Benzinga's Microcap Movers for Wednesday April 25, 2012",5
Traffic Issues Continue To Plague The Gap,3
Top 4 Mid-Cap Stocks In The Drug Manufacturers-Other Industry With The Highest ROA,0
"Index Shuffling: Snyder's-Lance Will Replace California Resources In S&P MidCap 400, AMAG Pharma To Replace Diamond Foods In SmallCap 600",3
"Stocks Which Set New 52-Week High Yesterday, October 3rd",0
"Compass Point Maintains BB&T at Neutral, Lowers PT from $33 to $32",5
"Earning, Economic and IPO Calendar for Wednesday June 25, 2014",3
Brent Rises On Increased Demand From China,3
"UPDATE: Vertex Says Adverse Events, Discontinuations with Kalydeco/Tezacaftor Combo Low, Similar to Placebo",2
Mad Money Lightning Round: Cramer Likes Snap-on,3
Mid-Day Market Update: Dow Tumbles 150 Points; Pandora Shares Jump Following Wednesday's CRB Ruling,3
Ultragenyx and Kyowa Kirin Announce FDA Approves Label Update for Crysvita for the Treatment of X-Linked Hypophosphatemia,2
Sunshine Heart Reports FDA Approves Key Protocol Amendment for COUNTER HF(TM) US Pivotal Study for C-Pulse(R) Heart Assist System,2
"Avondale Partners Upgrades Broadridge Financial Soln to Market Outperform, Raises PT to $60.00",5
Canadian Pacific Railway Reports Q2 Revenues $1.4B vs $1.37B Est,1
"Warren Buffett Talks Yahoo, Says Company 'Deteriorated Significantly'",0
10 Stocks Moving In Tuesday's Pre-Market Session,4
Stocks Hitting 52-Week Highs,6
Silvercorp Forecasts 20% Increase in Silver Production for Fiscal Year 2013,3
Seacor Announces Entry Into Revolving Credit Facility,5
Morning Market Losers,3
68 Stocks Moving In Wednesday's Mid-Day Session,4
Post Holdings Q3 Earnings Preview,1
Earnings Expectations for the Week of February 18,3
Progress Software shares are trading lower after the company issued Q1 and 2019 guidance below estimates.,3
"Credit Suisse Maintains Outperform on Wayfair, Raises Price Target to $135",5
"Universal Security Instruments Reports Q3 EPS $(0.44) From $(0.24) YoY, Sales $3.56M From $3.18M YoY",1
"Stocks Which Set New 52-Week Low Yesterday, Thurs., Dec. 13, 2018",0
Jefferies on JA Solar: Share Buyback Not Right Strategy,8
Options Brief: J.B. Hunt Transport Services (JBHT),3
"Stocks Which Set New 52-Week Low Friday, October 26th",0
"Stifel Nicolaus Upgrades AutoZone, Inc. to Buy",5
J.P. Morgan Updates ACGL 1Q Estimates,5
Strategists Warn About The Financial Sector As The Financial ETF Sets A New 52-Week High,0
35 Stocks Moving In Wednesday's Mid-Day Session,4
National Bank Financial Upgrades TransAlta to Outperform,5
"Oppenheimer Maintains Outperform on DexCom, Raises Price Target to $360",5
ABB shares are trading up 4.5% amid reports Hitachi is in the final stages of talks to acquire the company for $7.06 billion.,2
"Benzinga Pro Mid-Day Price Check For Major Averages: S&P 500 Down 5 (0.2%), Dow 30 Down 67 (0.3%), Nasdaq Down 35 (0.4%), Russell 2000 Down 12 (0.8%)",5
NASDAQ and ICE Making Takeover Offer for NYSE,0
"Clearwater Paper Reports Q3 Adj. EPS $0.32 vs $0.14 In Same Qtr. Last Year, Sales $426.5M vs $426.08M Est.",1
"Atwood Oceanics, Inc. Reports Q3 EPS of $1.57 vs $1.51 Est; Revenue of $292.70M vs $290.22M Est",1
Vicon Announces Patent Suit Settlement,2
10 Industrials Stocks Moving In Thursday's Pre-Market Session,4
WABCO Signs Long-Term Agreement with Dongfeng in China,8
SouFun Holdings Limited Reports Q3 EPS of $0.14 vs $0.18 Est; Revenue of $190.50M vs $200.20M Est,1
"Jefferies Initiates Altera Corporation At Buy, $52 PT",5
4 'Tariff-Proof' Stock Picks From A Pro,0
Benzinga's Top #PreMarket Gainers,5
"Earnings Preview: Analysts Expect Crown Castle International Revenue, Earnings to Dip from Previous Quarter",3
"First Solar Reports Q4 GAAP EPS $1.89 May Not Compare to $0.76 Est., Sales $1.01B vs $1.28B Est.",1
