headlineClean,dominant_topic
revenue,2
midday market update group acquisition news tech data plunge,1
past future upgrade,0
stock moving midday session,4
trading lower company said proceeding public offering minority stake subsidiary,1
market dont stop,0
electric revenue,2
valuation higher infrastructure,4
dish network,4
century fox higher offer bid,0
pete unusual activity,3
first solar high day,4
,0
option alert sweep ask earnings close ref,3
midafternoon market update crude oil lexicon plunge,1
weekly update pain pleasure,0
earnings,1
credit outperform sina corporation,3
bank positive,3
global revenue,2
whiting petroleum approve acquisition oil gas,1
coverage jazz neutral,1
profit nuclear power,2
earnings march,1
stock set new week low yesterday,4
several basic trading higher joe took delegate lead super moderate economic seen favorable growth,2
new week low morning,4
volume,2
research mining buy,0
patent infringement united,0
update morgan food overweight target firm increasingly covid benefit company least,3
western option acquire technology,0
potential acquisition,1
peg,4
angelica tax credit one significant facing solar industry point undoubtedly spur demand grow supply,1
pro afternoon price check sector retail vi tech energy,2
top stock gold industry highest roe,4
buy,1
price buy,1
midday market update positive social medium sentiment bank bad guidance,1
produce electric per year,0
stock made new week today include goodyear tire morris,0
yoy yoy,1
muddy market,1
pandora fast money,4
sterling fund acquire enterprise,1
power buy,2
renewable energy offer progress cellulosic research agree extend research program based positive,0
biogen discontinue phase engage emerge,3
pep play organic food game,3
credit outperform,3
morgan overweight assurant price target,3
long currency trade,3
daily pulse lung cancer trial momentum offering,2
bank hold,3
riley limited buy,1
therapeutic,4
snap stock among short,0
earnings,1
scholastic corp,2
coverage,1
stock hit week,4
diversified realty advertising sponsorship coke,2
stock moving session,4
acquire acquire payment potential total value,1
bid higher confirmation merger,1
stock moving midday session,4
acme united last year outlook,0
morgan diamond offshore drilling overweight,3
international buy,2
today future applied bank,0
demand softening certain business face difficult revenue outlook,4
,0
,0
agee share price could decline,2
earnings,1
morgan hold concerned dividend,3
popular,4
tandem diabetes care retire senior finance,1
,0
stock set new week high,4
wide moat decent start,0
capital investment corp net investment income share,3
net neutrality could mean lost,1
net investment income,3
short interest home builder stock,4
biggest midday,3
,0
debate much sovereignty cede,2
therapeutic high volume,4
fiat intention sell brand core part business,3
option alert talisman move high call active,3
level mixed report,0
dow surge strong,1
temporary injunction public consulting group trade case,2
biggest yesterday,3
corporation hold,2
stock moving session,4
china natural breaker,1
morgan advertising company,1
remain tweet news reporter day old report interest berger king news reporter since original tweet without indication,3
weight falling bit drug positive vote,0
steel revenue,2
notable stock trading,0
pro morning price check major dow,2
extension review period new drug application,4
lower,0
earnings,1
spruce point capital shark wasnt enough also new game vacuum negative,1
close deal sny,2
stock moving midday session,4
kodak adopted tax asset protection plan amendment certificate incorporation order protect co substantial tax asset,4
ocular early assignment permanent specific,3
positive interim ongoing phase study,0
ultra clean merger agreement integration,2
watch huge call trade,3
stock moving midday session,4
electric subsidiary electric power system award new project,2
financial join join,2
rite aid,4
look june,0
bad news market,1
earnings preview,1
billion rival official,1
midday market update true religion despite market downturn,1
top oil gas stock oxy cog tot,4
earnings,1
insider week dish network,4
adobe killing flash,4
morning market,1
universal technical institute,1
stock moving session,4
overweight price target,3
credit semiconductor neutral,2
midmorning market update mixed earnings miss,1
update morgan price target automotive,3
stock moving session,4
solar senior capital dividend,2
update bank baxter international,3
midday digital globe,3
stock set new week high yesterday august,4
stock hit week,4
tag latest sponsor drop tiger,3
still attractive business price would sell capital,3
corp,2
stock watch june,4
oracle japan unexpectedly fourth quarter,3
choice price target,3
liberty global response sunrise termination share purchase deal,1
,0
apple morgan,3
revenue,2
beat estimate,2
look,0
share common stock offering,0
several oil gas trading higher new energy minister said would radical change oil policy deal cut oil production million per day stay,4
earnings,1
morgan overweight,3
view retail,1
news corp may cut according source,2
light volume following form filing kang showing purchase,2
gold buy,1
neutral,2
afternoon superconductor nearly,4
forward air purchase multimodal,1
received notice listing related non compliance listing rule hold annual meeting within following end fiscal period,2
stock trading dividend mon,0
stock moving session,4
trading hain dish,4
tension prominent dow triple digit loss also lower,4
growth huge warren stake,3
aggressive growth stock rank,1
earnings may,1
statement related intention cancel listing stock exchange,4
organic anyone else play,3
big,1
showcase data summit,0
stock watching today,4
stock hit week,4
biggest price target,3
stock hit week,4
top stock residential construction industry peg ratio,4
buy,1
consumer price index,3
earnings march,1
atlas purchase medium entertainment,1
capital credit group sector perform,2
line,1
key,1
bed bath beyond significantly impacted calendar shift thanksgiving holiday resulting one less week holiday also appropriate withdraw fiscal full year financial guidance,1
estimate,2
inside mortgage finance may sale,1
becomes latest competitor plain vanilla fee war,0
notable call activity solar,0
speedway dividend share,2
update plug power rise level following announcement deal,2
,0
regency oak shade town center million,4
review brain scan,4
almost,0
top stock marketing industry highest revenue,4
stock set new week high yesterday,4
several trading higher continued optimism amid economy would increase consumer spending economic activity,1
top,0
therapeutic orphan drug designation treatment primary biliary cholangitis,4
watch huge put trade,3
envision yoy yoy,1
positive mad mention,4
web conference bank,0
keep eye stock,4
corporation outperform,3
chatter,1
stock week,4
expansion deal north,2
public offering common stock,0
outlook shake shack set wrap busy week,4
earnings preview revenue fall previous quarter,2
morning mar plug cost,3
arent aware daily basis drug issue although inconsequential new attention could create,3
broadly higher close,1
mad money lightning round stick mosaic,4
holding united bulk terminal acquisition,1
midafternoon market update earnings miss semiconductor surge,1
formal chapter strategy plan nearly wildfire public,4
option alert ask earnings close ref,3
look extremely attractive,0
morning market,1
,0
seed hold price target,3
last year yoy,1
aluminum holding corp trading higher today,1
midday market update tile shop earnings miss educational development climb,1
german,0
,0
board chairman tony,4
get,0
,0
update coverage,1
stock week,4
stock hit week,4
life analyst,4
revenue,2
midmorning market update open higher toll profit top,1
morgan full valuation fitch,3
receipt perimeter security international,1
sector update consumer good leading lagging,2
arena double force rep,4
option alert august call open interest currently,3
definitive deal buy make payment,2
western refining acquire plant disclosed,0
outlook negative,0
stock moving session,4
growth growth,3
market star,1
stock moving midday session,4
eagle upside execution value hard ignore,2
winning defense,3
martin midstream dividend,2
retractor analyst,4
stock week,4
general growth realty form joint venture partnership redevelop mall,0
coo dieter retire effective,2
biggest price target,3
update drop profit,3
stock set new week high yesterday august,4
energy corp remains strong level,1
morgan overweight,3
new master service deal major utility customer,0
capital teck ordinary outperform,3
stock moving session,4
,0
definitive proxy letter,1
exploration million public offering senior,2
,0
daily pulse psoriasis drug found superior offering adamas earnings,4
coverage glass underweight rating price target,1
earnings,1
earnings,1
update micron technology valuation,4
update china going positive increase exposure new opening,1
statement regarding commission circulation order docket,4
realty trust cloverleaf cold storage,3
bank hold,3
fico last year,2
buy,1
drop profit street view,1
update needham buy micron target based recovery,4
sovran self storage estimate,0
falling,0
cruise industry golden age,4
update brazil experience fiscal,1
biggest,3
midday market update dow therapeutic spike higher,1
dividend share,2
trading,0
output eagle ford still considering oil asset,4
midday market update cree following weak guidance surge,1
peek stock signal higher wall street open,4
top,0
update sentiment gain,3
tech conference,0
gate trading currently trading near,1
aspen insurance kirk,1
hold,3
peek market trading,0
gauge global economy,1
midafternoon market update earnings miss jump,1
guidance,1
yoy,1
earnings,1
opinion chevron,4
morgan price target,3
capital market perform bright family price target,3
update morgan management expressed firm commitment control slowdown specific evidence top concern potentially new heading print,3
agriculture positive,4
treasury sec confident address housing via,4
stock trading dividend mon,0
target pacific crest,3
stock watch may,4
notable insider past week dell,0
stock moving session,4
update upbeat profit,3
capital outperform,3
energy market perform,1
company news corporate summary,1
latest food announce ambitious green,2
stock hit week,4
several basic trading higher potentially recent weakness persist china globally number new today,3
watch huge call trade,3
outperform brown brown price target,3
electrical,2
notable insider past week,0
announce advisory committee review use,3
pinnacle outlook low end,0
prudential yoy,1
home depot retail stock worth look,4
marsh estimate miss estimate,2
seeking flown company headquarters,1
hill international late expect become current sec august begin trading august,2
morgan overweight,3
morning market,1
nearly,4
buffalo wild fly,1
utility solar await net decision,1
brent global demand,1
coverage hold,1
chairman content there price sense arent price,3
technology neutral,2
japan next,1
stock moving midday session,4
plus establishment act program speed consulting assistance organization involved research,4
urban sell hold,3
share public offering common stock,0
corporation revenue,2
net income operating income distributable cash flow,1
new agency multiple,2
model,0
house next,0
buy price target,3
peek market trading,0
call,0
earnings revenue miss,1
stock moving session,4
morgan neutral price target,3
see unusual activity gamble,3
close covid treatment market,1
current weak global phenomenon,0
walter investment management revenue,3
stock watch,4
group able reach agreement acquire prepared insurance company,1
credit facility,2
top stock communication equipment industry highest cash,4
outlook,0
strong buy,1
bank aim year able pay dividend,0
update cantor buy favorable industry,2
big picture week march,1
stock moving session,4
,0
credit neutral outperform,2
release urging vote sale,1
finish adobe earnings revenue beat,1
national gaming rev,3
potential,1
earnings roundup,1
prior year revenue prior year,2
tech,0
received multiple system order disclosed,0
pioneer energy early termination rev,0
stock set new week low yesterday,4
stock hit week,4
notable stock trading,0
stock week,4
investment,3
stock hit week,4
primer big purchase,1
morgan neutral realty price target,3
biggest yesterday,3
lower,0
brief met,0
purchase order structural,1
hedge fund,3
stock watch fresh week,4
transocean hold,3
morgan generic falter worth shot,4
gap government central bank weak yen positive japan via,4
notable option activity trip vale,4
update morgan commercial vehicle group management bring fresh view strategy,3
update credit outperform rating precision,3
shipping,0
market medium financial,1
top,0
morning market,1
air load factor,0
analyst,4
stock hit week,4
dont like,0
alternative quarter,0
top,0
pro midday price check regional japan spy canada flat russia china,1
base fall copper,0
china energy session,1
stock watch may,4
corporation sector perform,2
heather,0
international game technology trading lower seeing news justify price action,3
stock moving session,4
biggest week may,4
two boring,1
mortgage capital hold rating,3
ratio,3
stock move following group holding open,1
peek stock edge lower election day,4
caterpillar sell price target,3
diplomat pharmacy higher following halt,0
midmorning market update open higher earnings top street view,1
stock three day news,4
shell cost analyst,4
adaptive share common stock offering selling,4
coverage buy,1
stock moving session,4
update company hold net interest margin compression,3
peek market trading,0
specialty retail department decline,4
jewelry yoy yoy,1
update medical,3
update credit china outperform,3
stock moving session,4
looking black swan,1
maritime acquisition corporation acquisition delivery,1
dip following cautious outlook,0
story pondering upside potential,1
northern dynasty nak,0
asset eureka corporation cash,2
market get big tech earnings rough start,1
dover corporation,1
stock moving session,4
quarterly dividend,2
alert group call,3
filing slightly stake,4
morgan price target international,3
spiking higher heavy volume currently,1
option alert sweep buy baba sept call,3
key family dollar management meeting,3
buy target,1
update peck five key shaping public experience familiarity yahoo medium background technology experience turnaround,1
top,0
patent litigation settlement generic version spray disclosed,0
,0
group may compare revenue may compare,2
inogen clearance home oxygen concentrator,0
coverage industry,1
,0
antitrust regulator set approve purchase,0
kona grill stock repurchase plan,4
stimulus covid oil news,4
hooker furniture corporation revenue,2
report earnings whats store,0
top,0
make retirement,4
beat estimate,2
bank issue new part capital increase,3
update following encouraging beat raise,2
path,0
agreement acquire structural fabrication technology undisclosed,1
made case lower dollar forcefully today via,0
stock watching today,4
dang,0
received first part strategic investment,0
going green analyst,4
new agreement incorporated arrow peripherally inserted central,1
universal truckload self tender offer purchase range price,3
standpoint research hold,3
wainwright buy genetics price target,2
top stock specialty retail industry highest revenue,4
midafternoon market update crude oil alpha omega semi gain earnings beat,1
midday market update restoration hardware earnings drop,1
comment market activity firmly current corporate form,1
midafternoon market update dow turn green rise,1
rio pact ach,2
stock moving midday session,4
bank prepare worst,2
midafternoon market update mixed report pure storage surge,1
international,2
right international dividend right,2
stock hit week,4
fast money report,4
biggest yesterday,3
revenue,2
southwest,4
fast money weigh caterpillar united,4
stock set new week high yesterday,4
volume,2
update plug power loss,2
aluminum outlook,0
update square card reader available,4
bill ackman going train conductor,0
top stock mail order industry highest revenue,4
turn economy around,1
gap trading share old navy president leaf company become ralph,1
expand use equity market data,1
several stock trading higher china said willing seek trade investment country,3
watch huge call trade,3
waiting fed,4
dun volatile fitch say longer sale,3
stock moving session,4
several consumer mining trading higher commodity gain amid falling copper nickel demand china,0
german finance ministry one aid resolved meeting aid unrealistic,3
update capital platform value,2
home neutral,2
top march,1
notable insider past week general electric,0
stock moving session,4
stock watch,4
miller buy pizza,1
note price action wed seeking alpha post post filing mon morning react sharply mon however week,3
financial estimate beat estimate,2
coverage midstream buy rating price target,1
morgan overweight,3
therapeutic positive feedback meeting oral submission,4
,0
first community estimate,2
coal day,2
mobile annual active,2
hearing national residential buy,1
northern trust estimate,0
rev,3
plunge following co deal could block,2
option alert sweep ask ref,3
price target,3
kiwi short coming woodwork via,2
parker partnership engine life program,0
option alert call contract trade ask,3
coverage pizza buy rating price target,1
annual conference today include regulus oculus kite bluebird,0
biggest,3
buy,1
bank fund mandate,3
correction research energy peer perform,0
top,0
time warner cable launch roaming coast coast,1
fifth street preliminary,1
earnings preview trade,1
bank volatile following midday upgrade,2
stock moving session,4
first study nasal spray people epilepsy feasibility seizure,4
stock set new week high yesterday august,4
loss share loss share,2
stock set new week low yesterday,4
daily pulse eyepoint eye inflammation drug strategic review asset offering,2
partnership improvement performance additively production,4
top stock residential construction industry highest roe,4
pro midday price check major dow,2
volume,2
dollar tree option alert ask earnings open ref,3
price target,3
waste management overweight,3
year mill contract,2
midday career education,2
stock moving session,4
forever,4
stock hit week,4
blair growth stock conference today include six arista visa,0
ross earnings preview rising first quarter,2
ready run,2
,0
therapeutic response unsealing previously tam transformation,4
earnings may,1
capital outperform baxter international price target,3
morgan overweight,3
interested,2
midmorning market update open higher profit top,3
top,0
trading higher following strong earnings,1
stock set new week low yesterday,4
outlook,0
stock moving session,4
analyst steel best turnaround story,2
board,4
infinity property casualty compare,2
research buy united price target,3
riley alto buy raised,1
company patent litigation sun,0
research peer perform price target,3
earnings preview alkermes analyst,1
bank trading higher capital stock market perform outperform price target,3
neutral rating,1
bid reargument case judge,2
searching transportation stock,4
earnings preview,1
pact navy,2
top,0
top,0
trading higher,1
market primer march,1
royalty license agreement kith consumer,2
earnings,1
three ambulance crew exposed patient test negative,2
chatter,1
bell cool ranch release date,0
hold rating,3
update rise,2
dividend share added plan,2
acquire whole share,2
interested clear channel billboard asset worth roughly,2
market deal moment,1
stock week,4
top love,0
stock set new week high yesterday august,4
hold noble corporation,1
,0
report restaurant excessive billing,4
stock hit week,4
biggest,3
morning reduced loss growth,2
energy stock moving session,4
quarterly cash dividend,2
traffic,3
family dollar oil gas reduced leap wireless,4
stock hit week,4
spending survey,4
spiking lower heavy volume currently,1
rio record profit,1
year one way play comeback,2
corporation,2
performance sport trading stock trading,4
baker incorporated buy,1
stock moving midday session,4
chatter,1
help find way maze,0
earnings may bid aes,2
apple dominate super cycle beat,2
apogee president,0
morgan price target,3
estimate beat estimate,2
share,2
biggest yesterday,3
small cap sector hit tape,2
hearing extreme long idea today,0
stock watch,4
trump meet metal ready tariff,0
top stock communication equipment industry highest,4
buy company,1
research outperform,3
gas natural positive outcome montana ruling,4
revenue,2
consumer trading higher company,1
watching uranium stock hearing issue tender construct first nuclear power,1
buy price target,3
biggest price target,3
dollar tree,3
week high whats driving stock,4
new york company brick mortar continue outperform top bottom line beat positive,1
buy cognizant tech price target,3
resolution warning letter,2
biggest yesterday,3
stock moving session,4
acuity perform,3
downstream business worth per share according morgan rise,2
investment,3
international speedway speedway pit,3
looking good,1
option alert may call contract trade ask,3
update call,3
top,0
stock moving midday session,4
chief executive officer,3
trading lower company billion cash,1
energy prior,2
gold gold give gain,3
bullish performance across remain strong traffic resilient lieu cost cutting,3
company fitch buy,1
pro morning price check regional brazil russia japan spy,1
top narrow based,4
southern buy price target,1
arrowhead trading higher cantor stock neutral overweight price target per share update since reversed lower,3
watch august,4
coverage general dynamic neutral rating price target,2
dollar general corporation revenue,2
legitimate driving illegitimate rally shipping stock,0
update energy mine force warning,2
notable put activity bank new york mellon corporation,1
private placement,2
midmorning market update mostly flat blackberry beat,1
president extremely low potential outbreak,4
stock moving midday session,4
must watch stock today,4
horizon issuance additional notice allowance covering release,4
earnings,1
top stock air industry highest roe,4
buy midstream price target,1
hold,3
company attack,1
forum energy,2
receipt bid,1
open fiber related strategic received added offer unit,0
stock hit week,4
xenon buy price target,2
capital coverage lulu ann,1
shelf registration,0
coverage independent bank group overweight,3
stock trading higher global star bulk trading buy eagle shipping neutral,1
hearing taking fed action first couple quarter,4
commercial court ruling,0
update president hong stake therapeutic,4
northland coverage outperform,3
trump rand friend mine negative force come fixing bill great,1
loss loss,2
top august,4
earnings,1
biggest yesterday,3
several industrial trading higher rebound following president trump considering payroll tax cut relieve negative economic effect,2
twin disc,3
outperform,3
stock watch,4
atlas air overweight,1
national rise afterhours stock fast money,4
buy price target,3
incentive chase get electric truck diesel price parity,2
agile therapeutic trading lower company public offering common stock size disclosed,0
several oil gas trading higher president trump said russia announce million barrel supply cut,0
top,0
china yoy yoy,1
first phase trial,0
judge bid dismiss related simply orange minute maid juice,2
sell asphalt business,3
week ahead trading preview,4
option alert call sweep volume open interest,3
pro morning price check sector flat vi retail technology energy,2
chatter,1
beyond meat,0
update unfortunately continue increase yet,1
boomerang generation freedom,4
option alert new sweep ask earnings open ref,3
maximus miss estimate,2
ox group dow coverage,1
option alert sweep near ask earnings open ref,3
midmorning market update open mixed ford profit,3
,0
bank buy,3
top stock home improvement industry highest revenue,4
biggest,3
bank,3
envision estimate miss estimate,2
group,1
notable call activity solar,0
assurant week high,4
exclusive would definitely get amount another possible suitor would need build,2
earnings,1
better revenue trend analyst,4
stein mart news pending,1
receipt compliance determination,1
silver outperform silver sector poll,4
neutral yahoo,2
,0
winning grant continue preclinical research potential treatment diabetic neuropathy,3
million contract doe,0
arris higher resumption trade following pace acquisition announcement,1
guidance,1
capital gas electric wiser merger deal energy trust mace merger sub,0
whole market new streamlined brand whole market,1
class stock distribution,0
quiet amid raised target story shipping,1
exclusive license agreement affiliate receive milestone,4
midmorning market update open higher bank net loss,3
continue buy,1
stock set new week low yesterday,4
estimate beat estimate,2
technology facility key volume production large diameter sapphire,0
energy stock moving session,4
affordable glow new product industry,1
late period prior year,2
corporation letter engaged capital,1
extend term merger agreement mar june,0
guidance,1
stock set new week low yesterday,4
panel approval use,3
option alert may call contract trade bid ask currently,3
dividend,2
government back amendment confirming commitment hold deal delay,2
overweight home depot price target,3
morning social medium outlook mar,1
keep eye stock may,4
regulatory trading pall,2
midday market update strong plummet,1
stock set new week high,4
financial may aum,3
several technology stock trading lower amid demand supply chain disruption driven,0
stock moving midday session,4
morning market,1
earnings,1
interim operating loss,2
watch june tao,2
midmorning market update mixed buy,3
midday market update upgrade,1
got good credit long,2
risk yoy heading march quarter,1
midstream estimate beat estimate,2
watch,4
via,0
apple unaffected following press release starting,2
average,0
midday market update stock turn lower energy spike higher,1
compass point international buy price target,2
stock plummeted three day increasing volume,2
biggest yesterday,3
warren post board,0
neutral,2
sell corp rail leasing look scary,4
china stock market rally cat,1
buy diplomat pharmacy,0
bank corporation million profit,3
stock hit week,4
hearing semiconductor buy,1
sierra revenue,2
top stock residential construction industry highest dividend yield,4
added litigation expense loss share,0
stock hit week,4
open higher beat street view,1
volume,2
filing financial class common offering,0
stock hit week,4
life higher may chatter,1
energy limited buy,1
stock set new week high yesterday,4
energy selected operating data total rig yoy,1
new precision operational amplifier percent lower noise percent less power,4
capital market perform,1
could today see major milestone near index,0
midmorning market update mostly higher profit,3
green dot estimate beat estimate,2
natural cash disclosed,0
bank workday price target sentiment remains bullish tone remains solid earnings approaching,3
report partnership provide digital solution people diabetes insulin,0
general dynamic,2
board review nelson,4
top,0
partnership agreement unique construction,0
option alert call currently,3
earnings beige book pepper second round competition,1
reit starting take notice,0
top,0
update nautilus,3
new contract,3
earnings preview expect flat last quarter,1
stock moving session,4
coo,2
bank discover financial hold,3
stock moving session,4
,0
fast money,4
top stock sporting good industry highest cash pool,4
earnings,1
energy company,1
international corporation revenue,2
riley buy insight price target,1
group,1
news corp,1
platform advanced smart energy,2
trying find shelter storm,1
engineering agreement disclosed,0
watch,4
top,0
piper overweight rating,1
recap earnings,1
several sector trading lower amid market weakness despite recent strength many space session following cautious fed chair forecast uncertainty downside risk extended county,3
short interest stock gild,2
biggest,3
cypress semi report effectiveness sec registration approval,1
noble trading lower company said may reduce earnings guidance much due higher advertising spend,1
energy offering share,2
value stock one trick pony,4
outperform price target,3
several technology trading lower amid market weakness selling recent sector strength lower session potentially related cautious fed chair uncertainty significant downside economy,3
filing dan third point site,2
corporation outperform raised,1
midmorning market update mixed profit forecast,3
growth growth fell,3
spruce point capital strong sell report logistics intermediate downside risk downside,1
glen burnie prior year quarter,2
stock watch fresh week,4
stock trading dividend,0
morgan electronic price target,3
settlement could worth pretty good,3
wolverine world wide credit facility draw cash position resulting cash hand,0
buy,1
mortgage capital estimate,1
quantum chief technology officer,0
short interest yelp,2
acquire interest disclosed,0
morning market,1
earnings march,1
consulting,2
invest stake disclosed,0
cantor buy,2
stock week,4
top,0
stock slightly lower ahead jobless data,4
might stock market recover,4
fiat potential partner strategy similar imagine ford could work,3
coverage peg,1
cisco fast money,4
morning market,1
purchase promontory disclosed,0
top may bal bom,2
stock hit week,4
short interest alpha natural walter energy rise,2
morgan pacific,3
fast money bac,4
revenue,2
update tiara mitral valve clinical program,3
first south quarter ended prior year period,2
earnings streak,3
retail stock great value earnings growth potential,1
advanced return profitability second quarter fiscal,0
galore market remains indecisive apa gas,1
stock hit week,4
bank buy,3
bank coverage neutral rating price target,3
mad money lightning round,4
asset last year year year,2
smaller tech stock faro,0
stock watch may,4
longbow research carpenter tech neutral,0
marten transport,0
short interest twitter rise,2
morgan equal weight,4
seeing shipper stock sink led shipping notable top,0
hearing trump cancel student certain,0
,0
traffic continue plague gap,3
top stock drug industry highest,4
index shuffling replace replace diamond,1
stock set new week high yesterday,4
compass point neutral,2
earning economic calendar june,2
brent demand china,1
update vertex adverse low similar placebo,0
mad money lightning round,4
midday market update dow pandora jump following ruling,2
announce label update treatment,3
sunshine heart key protocol amendment counter pivotal study heart assist system,1
financial market outperform,3
pacific railway,0
warren yahoo company significantly,0
stock moving session,4
stock week,4
increase silver production fiscal year,1
entry revolving credit facility,2
morning market,1
stock moving midday session,4
post earnings preview,1
earnings week,4
progress trading lower company guidance,1
credit outperform price target,3
universal security yoy yoy,1
stock set new week low yesterday,4
solar share right strategy,2
brief hunt transport,0
stock set new week low,4
buy,1
morgan,3
warn financial sector financial new week high,3
stock moving midday session,4
national bank financial outperform,3
outperform price target,3
abb trading amid final acquire company billion,1
pro midday price check major dow,2
ice making offer,0
paper last year,2
revenue,2
patent suit settlement,0
stock moving session,4
agreement china,1
limited revenue,2
corporation buy,1
stock pro,4
top,0
earnings preview expect crown castle international revenue earnings dip previous quarter,1
first solar may compare,2
